#TimeZone=India Standard Time,format=V2,isweekly=false
#FidessaCode,ReutersCode,Venue,TimeZone,Time,CumulatedPercentage
ICICIBC.IN,ICBK.NS,NSI-MAIN,India Standard Time,0:00:00,0
ICICIBC.IN,ICBK.NS,NSI-MAIN,India Standard Time,9:00:00,0
ICICIBC.IN,ICBK.NS,NSI-MAIN,India Standard Time,9:15:00,0.0215
ICICIBC.IN,ICBK.NS,NSI-MAIN,India Standard Time,9:20:00,0.041
ICICIBC.IN,ICBK.NS,NSI-MAIN,India Standard Time,9:25:00,0.0606
ICICIBC.IN,ICBK.NS,NSI-MAIN,India Standard Time,9:30:00,0.0774
ICICIBC.IN,ICBK.NS,NSI-MAIN,India Standard Time,9:35:00,0.0936
ICICIBC.IN,ICBK.NS,NSI-MAIN,India Standard Time,9:40:00,0.1092
ICICIBC.IN,ICBK.NS,NSI-MAIN,India Standard Time,9:45:00,0.1248
ICICIBC.IN,ICBK.NS,NSI-MAIN,India Standard Time,9:50:00,0.1384
ICICIBC.IN,ICBK.NS,NSI-MAIN,India Standard Time,9:55:00,0.1508
ICICIBC.IN,ICBK.NS,NSI-MAIN,India Standard Time,10:00:00,0.1636
ICICIBC.IN,ICBK.NS,NSI-MAIN,India Standard Time,10:05:00,0.1755
ICICIBC.IN,ICBK.NS,NSI-MAIN,India Standard Time,10:10:00,0.1861
ICICIBC.IN,ICBK.NS,NSI-MAIN,India Standard Time,10:15:00,0.1976
ICICIBC.IN,ICBK.NS,NSI-MAIN,India Standard Time,10:20:00,0.2087
ICICIBC.IN,ICBK.NS,NSI-MAIN,India Standard Time,10:25:00,0.219
ICICIBC.IN,ICBK.NS,NSI-MAIN,India Standard Time,10:30:00,0.2291
ICICIBC.IN,ICBK.NS,NSI-MAIN,India Standard Time,10:35:00,0.2378
ICICIBC.IN,ICBK.NS,NSI-MAIN,India Standard Time,10:40:00,0.2468
ICICIBC.IN,ICBK.NS,NSI-MAIN,India Standard Time,10:45:00,0.2559
ICICIBC.IN,ICBK.NS,NSI-MAIN,India Standard Time,10:50:00,0.2642
ICICIBC.IN,ICBK.NS,NSI-MAIN,India Standard Time,10:55:00,0.272
ICICIBC.IN,ICBK.NS,NSI-MAIN,India Standard Time,11:00:00,0.2789
ICICIBC.IN,ICBK.NS,NSI-MAIN,India Standard Time,11:05:00,0.2861
ICICIBC.IN,ICBK.NS,NSI-MAIN,India Standard Time,11:10:00,0.2934
ICICIBC.IN,ICBK.NS,NSI-MAIN,India Standard Time,11:15:00,0.3008
ICICIBC.IN,ICBK.NS,NSI-MAIN,India Standard Time,11:20:00,0.3081
ICICIBC.IN,ICBK.NS,NSI-MAIN,India Standard Time,11:25:00,0.3145
ICICIBC.IN,ICBK.NS,NSI-MAIN,India Standard Time,11:30:00,0.3213
ICICIBC.IN,ICBK.NS,NSI-MAIN,India Standard Time,11:35:00,0.3271
ICICIBC.IN,ICBK.NS,NSI-MAIN,India Standard Time,11:40:00,0.3335
ICICIBC.IN,ICBK.NS,NSI-MAIN,India Standard Time,11:45:00,0.3394
ICICIBC.IN,ICBK.NS,NSI-MAIN,India Standard Time,11:50:00,0.3446
ICICIBC.IN,ICBK.NS,NSI-MAIN,India Standard Time,11:55:00,0.3505
ICICIBC.IN,ICBK.NS,NSI-MAIN,India Standard Time,12:00:00,0.356
ICICIBC.IN,ICBK.NS,NSI-MAIN,India Standard Time,12:05:00,0.3619
ICICIBC.IN,ICBK.NS,NSI-MAIN,India Standard Time,12:10:00,0.3676
ICICIBC.IN,ICBK.NS,NSI-MAIN,India Standard Time,12:15:00,0.3726
ICICIBC.IN,ICBK.NS,NSI-MAIN,India Standard Time,12:20:00,0.3781
ICICIBC.IN,ICBK.NS,NSI-MAIN,India Standard Time,12:25:00,0.3842
ICICIBC.IN,ICBK.NS,NSI-MAIN,India Standard Time,12:30:00,0.3896
ICICIBC.IN,ICBK.NS,NSI-MAIN,India Standard Time,12:35:00,0.3952
ICICIBC.IN,ICBK.NS,NSI-MAIN,India Standard Time,12:40:00,0.4015
ICICIBC.IN,ICBK.NS,NSI-MAIN,India Standard Time,12:45:00,0.4072
ICICIBC.IN,ICBK.NS,NSI-MAIN,India Standard Time,12:50:00,0.4136
ICICIBC.IN,ICBK.NS,NSI-MAIN,India Standard Time,12:55:00,0.4198
ICICIBC.IN,ICBK.NS,NSI-MAIN,India Standard Time,13:00:00,0.4271
ICICIBC.IN,ICBK.NS,NSI-MAIN,India Standard Time,13:05:00,0.4345
ICICIBC.IN,ICBK.NS,NSI-MAIN,India Standard Time,13:10:00,0.4417
ICICIBC.IN,ICBK.NS,NSI-MAIN,India Standard Time,13:15:00,0.4486
ICICIBC.IN,ICBK.NS,NSI-MAIN,India Standard Time,13:20:00,0.4562
ICICIBC.IN,ICBK.NS,NSI-MAIN,India Standard Time,13:25:00,0.4645
ICICIBC.IN,ICBK.NS,NSI-MAIN,India Standard Time,13:30:00,0.4738
ICICIBC.IN,ICBK.NS,NSI-MAIN,India Standard Time,13:35:00,0.482
ICICIBC.IN,ICBK.NS,NSI-MAIN,India Standard Time,13:40:00,0.4915
ICICIBC.IN,ICBK.NS,NSI-MAIN,India Standard Time,13:45:00,0.5017
ICICIBC.IN,ICBK.NS,NSI-MAIN,India Standard Time,13:50:00,0.512
ICICIBC.IN,ICBK.NS,NSI-MAIN,India Standard Time,13:55:00,0.5234
ICICIBC.IN,ICBK.NS,NSI-MAIN,India Standard Time,14:00:00,0.5346
ICICIBC.IN,ICBK.NS,NSI-MAIN,India Standard Time,14:05:00,0.5474
ICICIBC.IN,ICBK.NS,NSI-MAIN,India Standard Time,14:10:00,0.56
ICICIBC.IN,ICBK.NS,NSI-MAIN,India Standard Time,14:15:00,0.5731
ICICIBC.IN,ICBK.NS,NSI-MAIN,India Standard Time,14:20:00,0.5865
ICICIBC.IN,ICBK.NS,NSI-MAIN,India Standard Time,14:25:00,0.601
ICICIBC.IN,ICBK.NS,NSI-MAIN,India Standard Time,14:30:00,0.6156
ICICIBC.IN,ICBK.NS,NSI-MAIN,India Standard Time,14:35:00,0.6316
ICICIBC.IN,ICBK.NS,NSI-MAIN,India Standard Time,14:40:00,0.6475
ICICIBC.IN,ICBK.NS,NSI-MAIN,India Standard Time,14:45:00,0.664
ICICIBC.IN,ICBK.NS,NSI-MAIN,India Standard Time,14:50:00,0.6813
ICICIBC.IN,ICBK.NS,NSI-MAIN,India Standard Time,14:55:00,0.7014
ICICIBC.IN,ICBK.NS,NSI-MAIN,India Standard Time,15:00:00,0.7229
ICICIBC.IN,ICBK.NS,NSI-MAIN,India Standard Time,15:05:00,0.7449
ICICIBC.IN,ICBK.NS,NSI-MAIN,India Standard Time,15:10:00,0.7665
ICICIBC.IN,ICBK.NS,NSI-MAIN,India Standard Time,15:15:00,0.7928
ICICIBC.IN,ICBK.NS,NSI-MAIN,India Standard Time,15:20:00,0.8215
ICICIBC.IN,ICBK.NS,NSI-MAIN,India Standard Time,15:25:00,0.8523
ICICIBC.IN,ICBK.NS,NSI-MAIN,India Standard Time,15:30:00,1
HDFCB.IN,HDBK.NS,NSI-MAIN,India Standard Time,0:00:00,0
HDFCB.IN,HDBK.NS,NSI-MAIN,India Standard Time,9:00:00,0
HDFCB.IN,HDBK.NS,NSI-MAIN,India Standard Time,9:15:00,0.0173
HDFCB.IN,HDBK.NS,NSI-MAIN,India Standard Time,9:20:00,0.0333
HDFCB.IN,HDBK.NS,NSI-MAIN,India Standard Time,9:25:00,0.049
HDFCB.IN,HDBK.NS,NSI-MAIN,India Standard Time,9:30:00,0.0643
HDFCB.IN,HDBK.NS,NSI-MAIN,India Standard Time,9:35:00,0.0768
HDFCB.IN,HDBK.NS,NSI-MAIN,India Standard Time,9:40:00,0.0884
HDFCB.IN,HDBK.NS,NSI-MAIN,India Standard Time,9:45:00,0.1015
HDFCB.IN,HDBK.NS,NSI-MAIN,India Standard Time,9:50:00,0.1131
HDFCB.IN,HDBK.NS,NSI-MAIN,India Standard Time,9:55:00,0.1248
HDFCB.IN,HDBK.NS,NSI-MAIN,India Standard Time,10:00:00,0.1344
HDFCB.IN,HDBK.NS,NSI-MAIN,India Standard Time,10:05:00,0.1446
HDFCB.IN,HDBK.NS,NSI-MAIN,India Standard Time,10:10:00,0.1549
HDFCB.IN,HDBK.NS,NSI-MAIN,India Standard Time,10:15:00,0.1639
HDFCB.IN,HDBK.NS,NSI-MAIN,India Standard Time,10:20:00,0.1739
HDFCB.IN,HDBK.NS,NSI-MAIN,India Standard Time,10:25:00,0.1836
HDFCB.IN,HDBK.NS,NSI-MAIN,India Standard Time,10:30:00,0.1914
HDFCB.IN,HDBK.NS,NSI-MAIN,India Standard Time,10:35:00,0.199
HDFCB.IN,HDBK.NS,NSI-MAIN,India Standard Time,10:40:00,0.2072
HDFCB.IN,HDBK.NS,NSI-MAIN,India Standard Time,10:45:00,0.2158
HDFCB.IN,HDBK.NS,NSI-MAIN,India Standard Time,10:50:00,0.2234
HDFCB.IN,HDBK.NS,NSI-MAIN,India Standard Time,10:55:00,0.2305
HDFCB.IN,HDBK.NS,NSI-MAIN,India Standard Time,11:00:00,0.2378
HDFCB.IN,HDBK.NS,NSI-MAIN,India Standard Time,11:05:00,0.2443
HDFCB.IN,HDBK.NS,NSI-MAIN,India Standard Time,11:10:00,0.251
HDFCB.IN,HDBK.NS,NSI-MAIN,India Standard Time,11:15:00,0.2579
HDFCB.IN,HDBK.NS,NSI-MAIN,India Standard Time,11:20:00,0.2646
HDFCB.IN,HDBK.NS,NSI-MAIN,India Standard Time,11:25:00,0.271
HDFCB.IN,HDBK.NS,NSI-MAIN,India Standard Time,11:30:00,0.2772
HDFCB.IN,HDBK.NS,NSI-MAIN,India Standard Time,11:35:00,0.2833
HDFCB.IN,HDBK.NS,NSI-MAIN,India Standard Time,11:40:00,0.2896
HDFCB.IN,HDBK.NS,NSI-MAIN,India Standard Time,11:45:00,0.2956
HDFCB.IN,HDBK.NS,NSI-MAIN,India Standard Time,11:50:00,0.3013
HDFCB.IN,HDBK.NS,NSI-MAIN,India Standard Time,11:55:00,0.3079
HDFCB.IN,HDBK.NS,NSI-MAIN,India Standard Time,12:00:00,0.3141
HDFCB.IN,HDBK.NS,NSI-MAIN,India Standard Time,12:05:00,0.3205
HDFCB.IN,HDBK.NS,NSI-MAIN,India Standard Time,12:10:00,0.3263
HDFCB.IN,HDBK.NS,NSI-MAIN,India Standard Time,12:15:00,0.3331
HDFCB.IN,HDBK.NS,NSI-MAIN,India Standard Time,12:20:00,0.3398
HDFCB.IN,HDBK.NS,NSI-MAIN,India Standard Time,12:25:00,0.3456
HDFCB.IN,HDBK.NS,NSI-MAIN,India Standard Time,12:30:00,0.3518
HDFCB.IN,HDBK.NS,NSI-MAIN,India Standard Time,12:35:00,0.3586
HDFCB.IN,HDBK.NS,NSI-MAIN,India Standard Time,12:40:00,0.3656
HDFCB.IN,HDBK.NS,NSI-MAIN,India Standard Time,12:45:00,0.373
HDFCB.IN,HDBK.NS,NSI-MAIN,India Standard Time,12:50:00,0.3799
HDFCB.IN,HDBK.NS,NSI-MAIN,India Standard Time,12:55:00,0.3876
HDFCB.IN,HDBK.NS,NSI-MAIN,India Standard Time,13:00:00,0.3953
HDFCB.IN,HDBK.NS,NSI-MAIN,India Standard Time,13:05:00,0.4026
HDFCB.IN,HDBK.NS,NSI-MAIN,India Standard Time,13:10:00,0.4107
HDFCB.IN,HDBK.NS,NSI-MAIN,India Standard Time,13:15:00,0.4195
HDFCB.IN,HDBK.NS,NSI-MAIN,India Standard Time,13:20:00,0.4287
HDFCB.IN,HDBK.NS,NSI-MAIN,India Standard Time,13:25:00,0.4375
HDFCB.IN,HDBK.NS,NSI-MAIN,India Standard Time,13:30:00,0.4469
HDFCB.IN,HDBK.NS,NSI-MAIN,India Standard Time,13:35:00,0.4555
HDFCB.IN,HDBK.NS,NSI-MAIN,India Standard Time,13:40:00,0.465
HDFCB.IN,HDBK.NS,NSI-MAIN,India Standard Time,13:45:00,0.476
HDFCB.IN,HDBK.NS,NSI-MAIN,India Standard Time,13:50:00,0.4866
HDFCB.IN,HDBK.NS,NSI-MAIN,India Standard Time,13:55:00,0.4972
HDFCB.IN,HDBK.NS,NSI-MAIN,India Standard Time,14:00:00,0.5091
HDFCB.IN,HDBK.NS,NSI-MAIN,India Standard Time,14:05:00,0.522
HDFCB.IN,HDBK.NS,NSI-MAIN,India Standard Time,14:10:00,0.5354
HDFCB.IN,HDBK.NS,NSI-MAIN,India Standard Time,14:15:00,0.5486
HDFCB.IN,HDBK.NS,NSI-MAIN,India Standard Time,14:20:00,0.5627
HDFCB.IN,HDBK.NS,NSI-MAIN,India Standard Time,14:25:00,0.5777
HDFCB.IN,HDBK.NS,NSI-MAIN,India Standard Time,14:30:00,0.5943
HDFCB.IN,HDBK.NS,NSI-MAIN,India Standard Time,14:35:00,0.611
HDFCB.IN,HDBK.NS,NSI-MAIN,India Standard Time,14:40:00,0.6282
HDFCB.IN,HDBK.NS,NSI-MAIN,India Standard Time,14:45:00,0.6467
HDFCB.IN,HDBK.NS,NSI-MAIN,India Standard Time,14:50:00,0.6644
HDFCB.IN,HDBK.NS,NSI-MAIN,India Standard Time,14:55:00,0.6833
HDFCB.IN,HDBK.NS,NSI-MAIN,India Standard Time,15:00:00,0.7062
HDFCB.IN,HDBK.NS,NSI-MAIN,India Standard Time,15:05:00,0.7319
HDFCB.IN,HDBK.NS,NSI-MAIN,India Standard Time,15:10:00,0.7572
HDFCB.IN,HDBK.NS,NSI-MAIN,India Standard Time,15:15:00,0.7832
HDFCB.IN,HDBK.NS,NSI-MAIN,India Standard Time,15:20:00,0.8096
HDFCB.IN,HDBK.NS,NSI-MAIN,India Standard Time,15:25:00,0.8398
HDFCB.IN,HDBK.NS,NSI-MAIN,India Standard Time,15:30:00,1
RELIANCE.IN,RELI.NS,NSI-MAIN,India Standard Time,0:00:00,0
RELIANCE.IN,RELI.NS,NSI-MAIN,India Standard Time,9:00:00,0
RELIANCE.IN,RELI.NS,NSI-MAIN,India Standard Time,9:15:00,0.0236
RELIANCE.IN,RELI.NS,NSI-MAIN,India Standard Time,9:20:00,0.0451
RELIANCE.IN,RELI.NS,NSI-MAIN,India Standard Time,9:25:00,0.065
RELIANCE.IN,RELI.NS,NSI-MAIN,India Standard Time,9:30:00,0.0822
RELIANCE.IN,RELI.NS,NSI-MAIN,India Standard Time,9:35:00,0.0993
RELIANCE.IN,RELI.NS,NSI-MAIN,India Standard Time,9:40:00,0.1154
RELIANCE.IN,RELI.NS,NSI-MAIN,India Standard Time,9:45:00,0.1305
RELIANCE.IN,RELI.NS,NSI-MAIN,India Standard Time,9:50:00,0.1435
RELIANCE.IN,RELI.NS,NSI-MAIN,India Standard Time,9:55:00,0.1565
RELIANCE.IN,RELI.NS,NSI-MAIN,India Standard Time,10:00:00,0.1688
RELIANCE.IN,RELI.NS,NSI-MAIN,India Standard Time,10:05:00,0.1812
RELIANCE.IN,RELI.NS,NSI-MAIN,India Standard Time,10:10:00,0.1936
RELIANCE.IN,RELI.NS,NSI-MAIN,India Standard Time,10:15:00,0.2053
RELIANCE.IN,RELI.NS,NSI-MAIN,India Standard Time,10:20:00,0.2157
RELIANCE.IN,RELI.NS,NSI-MAIN,India Standard Time,10:25:00,0.2255
RELIANCE.IN,RELI.NS,NSI-MAIN,India Standard Time,10:30:00,0.2345
RELIANCE.IN,RELI.NS,NSI-MAIN,India Standard Time,10:35:00,0.2427
RELIANCE.IN,RELI.NS,NSI-MAIN,India Standard Time,10:40:00,0.2505
RELIANCE.IN,RELI.NS,NSI-MAIN,India Standard Time,10:45:00,0.2588
RELIANCE.IN,RELI.NS,NSI-MAIN,India Standard Time,10:50:00,0.2666
RELIANCE.IN,RELI.NS,NSI-MAIN,India Standard Time,10:55:00,0.2741
RELIANCE.IN,RELI.NS,NSI-MAIN,India Standard Time,11:00:00,0.2821
RELIANCE.IN,RELI.NS,NSI-MAIN,India Standard Time,11:05:00,0.2893
RELIANCE.IN,RELI.NS,NSI-MAIN,India Standard Time,11:10:00,0.2963
RELIANCE.IN,RELI.NS,NSI-MAIN,India Standard Time,11:15:00,0.3026
RELIANCE.IN,RELI.NS,NSI-MAIN,India Standard Time,11:20:00,0.3084
RELIANCE.IN,RELI.NS,NSI-MAIN,India Standard Time,11:25:00,0.3143
RELIANCE.IN,RELI.NS,NSI-MAIN,India Standard Time,11:30:00,0.3198
RELIANCE.IN,RELI.NS,NSI-MAIN,India Standard Time,11:35:00,0.3256
RELIANCE.IN,RELI.NS,NSI-MAIN,India Standard Time,11:40:00,0.3318
RELIANCE.IN,RELI.NS,NSI-MAIN,India Standard Time,11:45:00,0.3374
RELIANCE.IN,RELI.NS,NSI-MAIN,India Standard Time,11:50:00,0.3423
RELIANCE.IN,RELI.NS,NSI-MAIN,India Standard Time,11:55:00,0.3479
RELIANCE.IN,RELI.NS,NSI-MAIN,India Standard Time,12:00:00,0.3533
RELIANCE.IN,RELI.NS,NSI-MAIN,India Standard Time,12:05:00,0.3585
RELIANCE.IN,RELI.NS,NSI-MAIN,India Standard Time,12:10:00,0.3639
RELIANCE.IN,RELI.NS,NSI-MAIN,India Standard Time,12:15:00,0.3692
RELIANCE.IN,RELI.NS,NSI-MAIN,India Standard Time,12:20:00,0.3745
RELIANCE.IN,RELI.NS,NSI-MAIN,India Standard Time,12:25:00,0.3794
RELIANCE.IN,RELI.NS,NSI-MAIN,India Standard Time,12:30:00,0.3851
RELIANCE.IN,RELI.NS,NSI-MAIN,India Standard Time,12:35:00,0.3909
RELIANCE.IN,RELI.NS,NSI-MAIN,India Standard Time,12:40:00,0.396
RELIANCE.IN,RELI.NS,NSI-MAIN,India Standard Time,12:45:00,0.402
RELIANCE.IN,RELI.NS,NSI-MAIN,India Standard Time,12:50:00,0.4082
RELIANCE.IN,RELI.NS,NSI-MAIN,India Standard Time,12:55:00,0.4143
RELIANCE.IN,RELI.NS,NSI-MAIN,India Standard Time,13:00:00,0.4207
RELIANCE.IN,RELI.NS,NSI-MAIN,India Standard Time,13:05:00,0.4275
RELIANCE.IN,RELI.NS,NSI-MAIN,India Standard Time,13:10:00,0.4352
RELIANCE.IN,RELI.NS,NSI-MAIN,India Standard Time,13:15:00,0.4426
RELIANCE.IN,RELI.NS,NSI-MAIN,India Standard Time,13:20:00,0.451
RELIANCE.IN,RELI.NS,NSI-MAIN,India Standard Time,13:25:00,0.4589
RELIANCE.IN,RELI.NS,NSI-MAIN,India Standard Time,13:30:00,0.4683
RELIANCE.IN,RELI.NS,NSI-MAIN,India Standard Time,13:35:00,0.4781
RELIANCE.IN,RELI.NS,NSI-MAIN,India Standard Time,13:40:00,0.4876
RELIANCE.IN,RELI.NS,NSI-MAIN,India Standard Time,13:45:00,0.4978
RELIANCE.IN,RELI.NS,NSI-MAIN,India Standard Time,13:50:00,0.5093
RELIANCE.IN,RELI.NS,NSI-MAIN,India Standard Time,13:55:00,0.5209
RELIANCE.IN,RELI.NS,NSI-MAIN,India Standard Time,14:00:00,0.5326
RELIANCE.IN,RELI.NS,NSI-MAIN,India Standard Time,14:05:00,0.5442
RELIANCE.IN,RELI.NS,NSI-MAIN,India Standard Time,14:10:00,0.5567
RELIANCE.IN,RELI.NS,NSI-MAIN,India Standard Time,14:15:00,0.5709
RELIANCE.IN,RELI.NS,NSI-MAIN,India Standard Time,14:20:00,0.5843
RELIANCE.IN,RELI.NS,NSI-MAIN,India Standard Time,14:25:00,0.6007
RELIANCE.IN,RELI.NS,NSI-MAIN,India Standard Time,14:30:00,0.616
RELIANCE.IN,RELI.NS,NSI-MAIN,India Standard Time,14:35:00,0.6343
RELIANCE.IN,RELI.NS,NSI-MAIN,India Standard Time,14:40:00,0.6515
RELIANCE.IN,RELI.NS,NSI-MAIN,India Standard Time,14:45:00,0.6721
RELIANCE.IN,RELI.NS,NSI-MAIN,India Standard Time,14:50:00,0.693
RELIANCE.IN,RELI.NS,NSI-MAIN,India Standard Time,14:55:00,0.7143
RELIANCE.IN,RELI.NS,NSI-MAIN,India Standard Time,15:00:00,0.737
RELIANCE.IN,RELI.NS,NSI-MAIN,India Standard Time,15:05:00,0.7618
RELIANCE.IN,RELI.NS,NSI-MAIN,India Standard Time,15:10:00,0.7879
RELIANCE.IN,RELI.NS,NSI-MAIN,India Standard Time,15:15:00,0.8142
RELIANCE.IN,RELI.NS,NSI-MAIN,India Standard Time,15:20:00,0.8417
RELIANCE.IN,RELI.NS,NSI-MAIN,India Standard Time,15:25:00,0.8729
RELIANCE.IN,RELI.NS,NSI-MAIN,India Standard Time,15:30:00,1
INFO.IN,INFY.NS,NSI-MAIN,India Standard Time,0:00:00,0
INFO.IN,INFY.NS,NSI-MAIN,India Standard Time,9:00:00,0
INFO.IN,INFY.NS,NSI-MAIN,India Standard Time,9:15:00,0.0192
INFO.IN,INFY.NS,NSI-MAIN,India Standard Time,9:20:00,0.0353
INFO.IN,INFY.NS,NSI-MAIN,India Standard Time,9:25:00,0.0502
INFO.IN,INFY.NS,NSI-MAIN,India Standard Time,9:30:00,0.0668
INFO.IN,INFY.NS,NSI-MAIN,India Standard Time,9:35:00,0.0807
INFO.IN,INFY.NS,NSI-MAIN,India Standard Time,9:40:00,0.0939
INFO.IN,INFY.NS,NSI-MAIN,India Standard Time,9:45:00,0.1084
INFO.IN,INFY.NS,NSI-MAIN,India Standard Time,9:50:00,0.1208
INFO.IN,INFY.NS,NSI-MAIN,India Standard Time,9:55:00,0.1336
INFO.IN,INFY.NS,NSI-MAIN,India Standard Time,10:00:00,0.145
INFO.IN,INFY.NS,NSI-MAIN,India Standard Time,10:05:00,0.1562
INFO.IN,INFY.NS,NSI-MAIN,India Standard Time,10:10:00,0.1659
INFO.IN,INFY.NS,NSI-MAIN,India Standard Time,10:15:00,0.1763
INFO.IN,INFY.NS,NSI-MAIN,India Standard Time,10:20:00,0.1867
INFO.IN,INFY.NS,NSI-MAIN,India Standard Time,10:25:00,0.1961
INFO.IN,INFY.NS,NSI-MAIN,India Standard Time,10:30:00,0.2056
INFO.IN,INFY.NS,NSI-MAIN,India Standard Time,10:35:00,0.2147
INFO.IN,INFY.NS,NSI-MAIN,India Standard Time,10:40:00,0.2224
INFO.IN,INFY.NS,NSI-MAIN,India Standard Time,10:45:00,0.231
INFO.IN,INFY.NS,NSI-MAIN,India Standard Time,10:50:00,0.2391
INFO.IN,INFY.NS,NSI-MAIN,India Standard Time,10:55:00,0.2465
INFO.IN,INFY.NS,NSI-MAIN,India Standard Time,11:00:00,0.2533
INFO.IN,INFY.NS,NSI-MAIN,India Standard Time,11:05:00,0.2611
INFO.IN,INFY.NS,NSI-MAIN,India Standard Time,11:10:00,0.2681
INFO.IN,INFY.NS,NSI-MAIN,India Standard Time,11:15:00,0.2753
INFO.IN,INFY.NS,NSI-MAIN,India Standard Time,11:20:00,0.2825
INFO.IN,INFY.NS,NSI-MAIN,India Standard Time,11:25:00,0.2892
INFO.IN,INFY.NS,NSI-MAIN,India Standard Time,11:30:00,0.2961
INFO.IN,INFY.NS,NSI-MAIN,India Standard Time,11:35:00,0.3021
INFO.IN,INFY.NS,NSI-MAIN,India Standard Time,11:40:00,0.3085
INFO.IN,INFY.NS,NSI-MAIN,India Standard Time,11:45:00,0.3143
INFO.IN,INFY.NS,NSI-MAIN,India Standard Time,11:50:00,0.3206
INFO.IN,INFY.NS,NSI-MAIN,India Standard Time,11:55:00,0.3267
INFO.IN,INFY.NS,NSI-MAIN,India Standard Time,12:00:00,0.3319
INFO.IN,INFY.NS,NSI-MAIN,India Standard Time,12:05:00,0.337
INFO.IN,INFY.NS,NSI-MAIN,India Standard Time,12:10:00,0.3423
INFO.IN,INFY.NS,NSI-MAIN,India Standard Time,12:15:00,0.3483
INFO.IN,INFY.NS,NSI-MAIN,India Standard Time,12:20:00,0.3538
INFO.IN,INFY.NS,NSI-MAIN,India Standard Time,12:25:00,0.3596
INFO.IN,INFY.NS,NSI-MAIN,India Standard Time,12:30:00,0.3651
INFO.IN,INFY.NS,NSI-MAIN,India Standard Time,12:35:00,0.3709
INFO.IN,INFY.NS,NSI-MAIN,India Standard Time,12:40:00,0.3767
INFO.IN,INFY.NS,NSI-MAIN,India Standard Time,12:45:00,0.3826
INFO.IN,INFY.NS,NSI-MAIN,India Standard Time,12:50:00,0.389
INFO.IN,INFY.NS,NSI-MAIN,India Standard Time,12:55:00,0.3957
INFO.IN,INFY.NS,NSI-MAIN,India Standard Time,13:00:00,0.403
INFO.IN,INFY.NS,NSI-MAIN,India Standard Time,13:05:00,0.4102
INFO.IN,INFY.NS,NSI-MAIN,India Standard Time,13:10:00,0.4181
INFO.IN,INFY.NS,NSI-MAIN,India Standard Time,13:15:00,0.4262
INFO.IN,INFY.NS,NSI-MAIN,India Standard Time,13:20:00,0.4349
INFO.IN,INFY.NS,NSI-MAIN,India Standard Time,13:25:00,0.4434
INFO.IN,INFY.NS,NSI-MAIN,India Standard Time,13:30:00,0.4514
INFO.IN,INFY.NS,NSI-MAIN,India Standard Time,13:35:00,0.461
INFO.IN,INFY.NS,NSI-MAIN,India Standard Time,13:40:00,0.4712
INFO.IN,INFY.NS,NSI-MAIN,India Standard Time,13:45:00,0.4817
INFO.IN,INFY.NS,NSI-MAIN,India Standard Time,13:50:00,0.492
INFO.IN,INFY.NS,NSI-MAIN,India Standard Time,13:55:00,0.5031
INFO.IN,INFY.NS,NSI-MAIN,India Standard Time,14:00:00,0.5135
INFO.IN,INFY.NS,NSI-MAIN,India Standard Time,14:05:00,0.5259
INFO.IN,INFY.NS,NSI-MAIN,India Standard Time,14:10:00,0.5382
INFO.IN,INFY.NS,NSI-MAIN,India Standard Time,14:15:00,0.5503
INFO.IN,INFY.NS,NSI-MAIN,India Standard Time,14:20:00,0.5624
INFO.IN,INFY.NS,NSI-MAIN,India Standard Time,14:25:00,0.5773
INFO.IN,INFY.NS,NSI-MAIN,India Standard Time,14:30:00,0.5933
INFO.IN,INFY.NS,NSI-MAIN,India Standard Time,14:35:00,0.6074
INFO.IN,INFY.NS,NSI-MAIN,India Standard Time,14:40:00,0.6245
INFO.IN,INFY.NS,NSI-MAIN,India Standard Time,14:45:00,0.6412
INFO.IN,INFY.NS,NSI-MAIN,India Standard Time,14:50:00,0.6579
INFO.IN,INFY.NS,NSI-MAIN,India Standard Time,14:55:00,0.676
INFO.IN,INFY.NS,NSI-MAIN,India Standard Time,15:00:00,0.6971
INFO.IN,INFY.NS,NSI-MAIN,India Standard Time,15:05:00,0.7199
INFO.IN,INFY.NS,NSI-MAIN,India Standard Time,15:10:00,0.7403
INFO.IN,INFY.NS,NSI-MAIN,India Standard Time,15:15:00,0.7647
INFO.IN,INFY.NS,NSI-MAIN,India Standard Time,15:20:00,0.7877
INFO.IN,INFY.NS,NSI-MAIN,India Standard Time,15:25:00,0.8159
INFO.IN,INFY.NS,NSI-MAIN,India Standard Time,15:30:00,1
TCS.IN,TCS.NS,NSI-MAIN,India Standard Time,0:00:00,0
TCS.IN,TCS.NS,NSI-MAIN,India Standard Time,9:00:00,0
TCS.IN,TCS.NS,NSI-MAIN,India Standard Time,9:15:00,0.0208
TCS.IN,TCS.NS,NSI-MAIN,India Standard Time,9:20:00,0.0418
TCS.IN,TCS.NS,NSI-MAIN,India Standard Time,9:25:00,0.0636
TCS.IN,TCS.NS,NSI-MAIN,India Standard Time,9:30:00,0.0836
TCS.IN,TCS.NS,NSI-MAIN,India Standard Time,9:35:00,0.1024
TCS.IN,TCS.NS,NSI-MAIN,India Standard Time,9:40:00,0.1183
TCS.IN,TCS.NS,NSI-MAIN,India Standard Time,9:45:00,0.1345
TCS.IN,TCS.NS,NSI-MAIN,India Standard Time,9:50:00,0.149
TCS.IN,TCS.NS,NSI-MAIN,India Standard Time,9:55:00,0.1626
TCS.IN,TCS.NS,NSI-MAIN,India Standard Time,10:00:00,0.1754
TCS.IN,TCS.NS,NSI-MAIN,India Standard Time,10:05:00,0.1879
TCS.IN,TCS.NS,NSI-MAIN,India Standard Time,10:10:00,0.2017
TCS.IN,TCS.NS,NSI-MAIN,India Standard Time,10:15:00,0.2147
TCS.IN,TCS.NS,NSI-MAIN,India Standard Time,10:20:00,0.2272
TCS.IN,TCS.NS,NSI-MAIN,India Standard Time,10:25:00,0.2393
TCS.IN,TCS.NS,NSI-MAIN,India Standard Time,10:30:00,0.2496
TCS.IN,TCS.NS,NSI-MAIN,India Standard Time,10:35:00,0.2598
TCS.IN,TCS.NS,NSI-MAIN,India Standard Time,10:40:00,0.2703
TCS.IN,TCS.NS,NSI-MAIN,India Standard Time,10:45:00,0.2807
TCS.IN,TCS.NS,NSI-MAIN,India Standard Time,10:50:00,0.291
TCS.IN,TCS.NS,NSI-MAIN,India Standard Time,10:55:00,0.301
TCS.IN,TCS.NS,NSI-MAIN,India Standard Time,11:00:00,0.3093
TCS.IN,TCS.NS,NSI-MAIN,India Standard Time,11:05:00,0.3183
TCS.IN,TCS.NS,NSI-MAIN,India Standard Time,11:10:00,0.3271
TCS.IN,TCS.NS,NSI-MAIN,India Standard Time,11:15:00,0.3353
TCS.IN,TCS.NS,NSI-MAIN,India Standard Time,11:20:00,0.3428
TCS.IN,TCS.NS,NSI-MAIN,India Standard Time,11:25:00,0.3506
TCS.IN,TCS.NS,NSI-MAIN,India Standard Time,11:30:00,0.3575
TCS.IN,TCS.NS,NSI-MAIN,India Standard Time,11:35:00,0.3656
TCS.IN,TCS.NS,NSI-MAIN,India Standard Time,11:40:00,0.3733
TCS.IN,TCS.NS,NSI-MAIN,India Standard Time,11:45:00,0.3803
TCS.IN,TCS.NS,NSI-MAIN,India Standard Time,11:50:00,0.3869
TCS.IN,TCS.NS,NSI-MAIN,India Standard Time,11:55:00,0.3942
TCS.IN,TCS.NS,NSI-MAIN,India Standard Time,12:00:00,0.4009
TCS.IN,TCS.NS,NSI-MAIN,India Standard Time,12:05:00,0.408
TCS.IN,TCS.NS,NSI-MAIN,India Standard Time,12:10:00,0.4149
TCS.IN,TCS.NS,NSI-MAIN,India Standard Time,12:15:00,0.4214
TCS.IN,TCS.NS,NSI-MAIN,India Standard Time,12:20:00,0.4278
TCS.IN,TCS.NS,NSI-MAIN,India Standard Time,12:25:00,0.4344
TCS.IN,TCS.NS,NSI-MAIN,India Standard Time,12:30:00,0.4409
TCS.IN,TCS.NS,NSI-MAIN,India Standard Time,12:35:00,0.4471
TCS.IN,TCS.NS,NSI-MAIN,India Standard Time,12:40:00,0.4536
TCS.IN,TCS.NS,NSI-MAIN,India Standard Time,12:45:00,0.461
TCS.IN,TCS.NS,NSI-MAIN,India Standard Time,12:50:00,0.4675
TCS.IN,TCS.NS,NSI-MAIN,India Standard Time,12:55:00,0.4741
TCS.IN,TCS.NS,NSI-MAIN,India Standard Time,13:00:00,0.4819
TCS.IN,TCS.NS,NSI-MAIN,India Standard Time,13:05:00,0.4893
TCS.IN,TCS.NS,NSI-MAIN,India Standard Time,13:10:00,0.4974
TCS.IN,TCS.NS,NSI-MAIN,India Standard Time,13:15:00,0.5057
TCS.IN,TCS.NS,NSI-MAIN,India Standard Time,13:20:00,0.5141
TCS.IN,TCS.NS,NSI-MAIN,India Standard Time,13:25:00,0.5239
TCS.IN,TCS.NS,NSI-MAIN,India Standard Time,13:30:00,0.5326
TCS.IN,TCS.NS,NSI-MAIN,India Standard Time,13:35:00,0.5421
TCS.IN,TCS.NS,NSI-MAIN,India Standard Time,13:40:00,0.5514
TCS.IN,TCS.NS,NSI-MAIN,India Standard Time,13:45:00,0.5621
TCS.IN,TCS.NS,NSI-MAIN,India Standard Time,13:50:00,0.5723
TCS.IN,TCS.NS,NSI-MAIN,India Standard Time,13:55:00,0.5831
TCS.IN,TCS.NS,NSI-MAIN,India Standard Time,14:00:00,0.5952
TCS.IN,TCS.NS,NSI-MAIN,India Standard Time,14:05:00,0.6067
TCS.IN,TCS.NS,NSI-MAIN,India Standard Time,14:10:00,0.6193
TCS.IN,TCS.NS,NSI-MAIN,India Standard Time,14:15:00,0.6333
TCS.IN,TCS.NS,NSI-MAIN,India Standard Time,14:20:00,0.6456
TCS.IN,TCS.NS,NSI-MAIN,India Standard Time,14:25:00,0.6583
TCS.IN,TCS.NS,NSI-MAIN,India Standard Time,14:30:00,0.6721
TCS.IN,TCS.NS,NSI-MAIN,India Standard Time,14:35:00,0.688
TCS.IN,TCS.NS,NSI-MAIN,India Standard Time,14:40:00,0.7042
TCS.IN,TCS.NS,NSI-MAIN,India Standard Time,14:45:00,0.7199
TCS.IN,TCS.NS,NSI-MAIN,India Standard Time,14:50:00,0.7366
TCS.IN,TCS.NS,NSI-MAIN,India Standard Time,14:55:00,0.7535
TCS.IN,TCS.NS,NSI-MAIN,India Standard Time,15:00:00,0.7724
TCS.IN,TCS.NS,NSI-MAIN,India Standard Time,15:05:00,0.7905
TCS.IN,TCS.NS,NSI-MAIN,India Standard Time,15:10:00,0.8123
TCS.IN,TCS.NS,NSI-MAIN,India Standard Time,15:15:00,0.8363
TCS.IN,TCS.NS,NSI-MAIN,India Standard Time,15:20:00,0.8618
TCS.IN,TCS.NS,NSI-MAIN,India Standard Time,15:25:00,0.8877
TCS.IN,TCS.NS,NSI-MAIN,India Standard Time,15:30:00,1
SBIN.IN,SBI.NS,NSI-MAIN,India Standard Time,0:00:00,0
SBIN.IN,SBI.NS,NSI-MAIN,India Standard Time,9:00:00,0
SBIN.IN,SBI.NS,NSI-MAIN,India Standard Time,9:15:00,0.0188
SBIN.IN,SBI.NS,NSI-MAIN,India Standard Time,9:20:00,0.0369
SBIN.IN,SBI.NS,NSI-MAIN,India Standard Time,9:25:00,0.0511
SBIN.IN,SBI.NS,NSI-MAIN,India Standard Time,9:30:00,0.0657
SBIN.IN,SBI.NS,NSI-MAIN,India Standard Time,9:35:00,0.0807
SBIN.IN,SBI.NS,NSI-MAIN,India Standard Time,9:40:00,0.0941
SBIN.IN,SBI.NS,NSI-MAIN,India Standard Time,9:45:00,0.1073
SBIN.IN,SBI.NS,NSI-MAIN,India Standard Time,9:50:00,0.118
SBIN.IN,SBI.NS,NSI-MAIN,India Standard Time,9:55:00,0.129
SBIN.IN,SBI.NS,NSI-MAIN,India Standard Time,10:00:00,0.139
SBIN.IN,SBI.NS,NSI-MAIN,India Standard Time,10:05:00,0.1491
SBIN.IN,SBI.NS,NSI-MAIN,India Standard Time,10:10:00,0.1588
SBIN.IN,SBI.NS,NSI-MAIN,India Standard Time,10:15:00,0.1671
SBIN.IN,SBI.NS,NSI-MAIN,India Standard Time,10:20:00,0.1754
SBIN.IN,SBI.NS,NSI-MAIN,India Standard Time,10:25:00,0.1835
SBIN.IN,SBI.NS,NSI-MAIN,India Standard Time,10:30:00,0.1924
SBIN.IN,SBI.NS,NSI-MAIN,India Standard Time,10:35:00,0.2007
SBIN.IN,SBI.NS,NSI-MAIN,India Standard Time,10:40:00,0.2079
SBIN.IN,SBI.NS,NSI-MAIN,India Standard Time,10:45:00,0.2157
SBIN.IN,SBI.NS,NSI-MAIN,India Standard Time,10:50:00,0.2224
SBIN.IN,SBI.NS,NSI-MAIN,India Standard Time,10:55:00,0.2296
SBIN.IN,SBI.NS,NSI-MAIN,India Standard Time,11:00:00,0.2359
SBIN.IN,SBI.NS,NSI-MAIN,India Standard Time,11:05:00,0.2419
SBIN.IN,SBI.NS,NSI-MAIN,India Standard Time,11:10:00,0.2489
SBIN.IN,SBI.NS,NSI-MAIN,India Standard Time,11:15:00,0.2548
SBIN.IN,SBI.NS,NSI-MAIN,India Standard Time,11:20:00,0.2607
SBIN.IN,SBI.NS,NSI-MAIN,India Standard Time,11:25:00,0.2673
SBIN.IN,SBI.NS,NSI-MAIN,India Standard Time,11:30:00,0.2737
SBIN.IN,SBI.NS,NSI-MAIN,India Standard Time,11:35:00,0.2793
SBIN.IN,SBI.NS,NSI-MAIN,India Standard Time,11:40:00,0.2856
SBIN.IN,SBI.NS,NSI-MAIN,India Standard Time,11:45:00,0.2914
SBIN.IN,SBI.NS,NSI-MAIN,India Standard Time,11:50:00,0.2972
SBIN.IN,SBI.NS,NSI-MAIN,India Standard Time,11:55:00,0.3024
SBIN.IN,SBI.NS,NSI-MAIN,India Standard Time,12:00:00,0.3085
SBIN.IN,SBI.NS,NSI-MAIN,India Standard Time,12:05:00,0.3142
SBIN.IN,SBI.NS,NSI-MAIN,India Standard Time,12:10:00,0.3202
SBIN.IN,SBI.NS,NSI-MAIN,India Standard Time,12:15:00,0.3262
SBIN.IN,SBI.NS,NSI-MAIN,India Standard Time,12:20:00,0.3315
SBIN.IN,SBI.NS,NSI-MAIN,India Standard Time,12:25:00,0.337
SBIN.IN,SBI.NS,NSI-MAIN,India Standard Time,12:30:00,0.3423
SBIN.IN,SBI.NS,NSI-MAIN,India Standard Time,12:35:00,0.3476
SBIN.IN,SBI.NS,NSI-MAIN,India Standard Time,12:40:00,0.353
SBIN.IN,SBI.NS,NSI-MAIN,India Standard Time,12:45:00,0.3588
SBIN.IN,SBI.NS,NSI-MAIN,India Standard Time,12:50:00,0.365
SBIN.IN,SBI.NS,NSI-MAIN,India Standard Time,12:55:00,0.3707
SBIN.IN,SBI.NS,NSI-MAIN,India Standard Time,13:00:00,0.3774
SBIN.IN,SBI.NS,NSI-MAIN,India Standard Time,13:05:00,0.3839
SBIN.IN,SBI.NS,NSI-MAIN,India Standard Time,13:10:00,0.3906
SBIN.IN,SBI.NS,NSI-MAIN,India Standard Time,13:15:00,0.3981
SBIN.IN,SBI.NS,NSI-MAIN,India Standard Time,13:20:00,0.4055
SBIN.IN,SBI.NS,NSI-MAIN,India Standard Time,13:25:00,0.4129
SBIN.IN,SBI.NS,NSI-MAIN,India Standard Time,13:30:00,0.4208
SBIN.IN,SBI.NS,NSI-MAIN,India Standard Time,13:35:00,0.4294
SBIN.IN,SBI.NS,NSI-MAIN,India Standard Time,13:40:00,0.4372
SBIN.IN,SBI.NS,NSI-MAIN,India Standard Time,13:45:00,0.447
SBIN.IN,SBI.NS,NSI-MAIN,India Standard Time,13:50:00,0.4554
SBIN.IN,SBI.NS,NSI-MAIN,India Standard Time,13:55:00,0.4655
SBIN.IN,SBI.NS,NSI-MAIN,India Standard Time,14:00:00,0.4763
SBIN.IN,SBI.NS,NSI-MAIN,India Standard Time,14:05:00,0.4859
SBIN.IN,SBI.NS,NSI-MAIN,India Standard Time,14:10:00,0.4975
SBIN.IN,SBI.NS,NSI-MAIN,India Standard Time,14:15:00,0.5088
SBIN.IN,SBI.NS,NSI-MAIN,India Standard Time,14:20:00,0.5211
SBIN.IN,SBI.NS,NSI-MAIN,India Standard Time,14:25:00,0.5326
SBIN.IN,SBI.NS,NSI-MAIN,India Standard Time,14:30:00,0.5447
SBIN.IN,SBI.NS,NSI-MAIN,India Standard Time,14:35:00,0.5579
SBIN.IN,SBI.NS,NSI-MAIN,India Standard Time,14:40:00,0.574
SBIN.IN,SBI.NS,NSI-MAIN,India Standard Time,14:45:00,0.5887
SBIN.IN,SBI.NS,NSI-MAIN,India Standard Time,14:50:00,0.6061
SBIN.IN,SBI.NS,NSI-MAIN,India Standard Time,14:55:00,0.625
SBIN.IN,SBI.NS,NSI-MAIN,India Standard Time,15:00:00,0.6452
SBIN.IN,SBI.NS,NSI-MAIN,India Standard Time,15:05:00,0.6642
SBIN.IN,SBI.NS,NSI-MAIN,India Standard Time,15:10:00,0.6845
SBIN.IN,SBI.NS,NSI-MAIN,India Standard Time,15:15:00,0.7069
SBIN.IN,SBI.NS,NSI-MAIN,India Standard Time,15:20:00,0.7318
SBIN.IN,SBI.NS,NSI-MAIN,India Standard Time,15:25:00,0.7551
SBIN.IN,SBI.NS,NSI-MAIN,India Standard Time,15:30:00,1
BHARTI.IN,BRTI.NS,NSI-MAIN,India Standard Time,0:00:00,0
BHARTI.IN,BRTI.NS,NSI-MAIN,India Standard Time,9:00:00,0
BHARTI.IN,BRTI.NS,NSI-MAIN,India Standard Time,9:15:00,0.0188
BHARTI.IN,BRTI.NS,NSI-MAIN,India Standard Time,9:20:00,0.0389
BHARTI.IN,BRTI.NS,NSI-MAIN,India Standard Time,9:25:00,0.0569
BHARTI.IN,BRTI.NS,NSI-MAIN,India Standard Time,9:30:00,0.0748
BHARTI.IN,BRTI.NS,NSI-MAIN,India Standard Time,9:35:00,0.0904
BHARTI.IN,BRTI.NS,NSI-MAIN,India Standard Time,9:40:00,0.1062
BHARTI.IN,BRTI.NS,NSI-MAIN,India Standard Time,9:45:00,0.1196
BHARTI.IN,BRTI.NS,NSI-MAIN,India Standard Time,9:50:00,0.1338
BHARTI.IN,BRTI.NS,NSI-MAIN,India Standard Time,9:55:00,0.147
BHARTI.IN,BRTI.NS,NSI-MAIN,India Standard Time,10:00:00,0.1588
BHARTI.IN,BRTI.NS,NSI-MAIN,India Standard Time,10:05:00,0.1703
BHARTI.IN,BRTI.NS,NSI-MAIN,India Standard Time,10:10:00,0.1816
BHARTI.IN,BRTI.NS,NSI-MAIN,India Standard Time,10:15:00,0.1914
BHARTI.IN,BRTI.NS,NSI-MAIN,India Standard Time,10:20:00,0.2015
BHARTI.IN,BRTI.NS,NSI-MAIN,India Standard Time,10:25:00,0.2117
BHARTI.IN,BRTI.NS,NSI-MAIN,India Standard Time,10:30:00,0.2205
BHARTI.IN,BRTI.NS,NSI-MAIN,India Standard Time,10:35:00,0.2299
BHARTI.IN,BRTI.NS,NSI-MAIN,India Standard Time,10:40:00,0.2388
BHARTI.IN,BRTI.NS,NSI-MAIN,India Standard Time,10:45:00,0.2476
BHARTI.IN,BRTI.NS,NSI-MAIN,India Standard Time,10:50:00,0.2553
BHARTI.IN,BRTI.NS,NSI-MAIN,India Standard Time,10:55:00,0.2624
BHARTI.IN,BRTI.NS,NSI-MAIN,India Standard Time,11:00:00,0.2703
BHARTI.IN,BRTI.NS,NSI-MAIN,India Standard Time,11:05:00,0.278
BHARTI.IN,BRTI.NS,NSI-MAIN,India Standard Time,11:10:00,0.285
BHARTI.IN,BRTI.NS,NSI-MAIN,India Standard Time,11:15:00,0.2913
BHARTI.IN,BRTI.NS,NSI-MAIN,India Standard Time,11:20:00,0.2975
BHARTI.IN,BRTI.NS,NSI-MAIN,India Standard Time,11:25:00,0.3042
BHARTI.IN,BRTI.NS,NSI-MAIN,India Standard Time,11:30:00,0.3102
BHARTI.IN,BRTI.NS,NSI-MAIN,India Standard Time,11:35:00,0.317
BHARTI.IN,BRTI.NS,NSI-MAIN,India Standard Time,11:40:00,0.3231
BHARTI.IN,BRTI.NS,NSI-MAIN,India Standard Time,11:45:00,0.3287
BHARTI.IN,BRTI.NS,NSI-MAIN,India Standard Time,11:50:00,0.3346
BHARTI.IN,BRTI.NS,NSI-MAIN,India Standard Time,11:55:00,0.3402
BHARTI.IN,BRTI.NS,NSI-MAIN,India Standard Time,12:00:00,0.3464
BHARTI.IN,BRTI.NS,NSI-MAIN,India Standard Time,12:05:00,0.3525
BHARTI.IN,BRTI.NS,NSI-MAIN,India Standard Time,12:10:00,0.3581
BHARTI.IN,BRTI.NS,NSI-MAIN,India Standard Time,12:15:00,0.3639
BHARTI.IN,BRTI.NS,NSI-MAIN,India Standard Time,12:20:00,0.3697
BHARTI.IN,BRTI.NS,NSI-MAIN,India Standard Time,12:25:00,0.3758
BHARTI.IN,BRTI.NS,NSI-MAIN,India Standard Time,12:30:00,0.3822
BHARTI.IN,BRTI.NS,NSI-MAIN,India Standard Time,12:35:00,0.3875
BHARTI.IN,BRTI.NS,NSI-MAIN,India Standard Time,12:40:00,0.3934
BHARTI.IN,BRTI.NS,NSI-MAIN,India Standard Time,12:45:00,0.3997
BHARTI.IN,BRTI.NS,NSI-MAIN,India Standard Time,12:50:00,0.4059
BHARTI.IN,BRTI.NS,NSI-MAIN,India Standard Time,12:55:00,0.4126
BHARTI.IN,BRTI.NS,NSI-MAIN,India Standard Time,13:00:00,0.4189
BHARTI.IN,BRTI.NS,NSI-MAIN,India Standard Time,13:05:00,0.4265
BHARTI.IN,BRTI.NS,NSI-MAIN,India Standard Time,13:10:00,0.4339
BHARTI.IN,BRTI.NS,NSI-MAIN,India Standard Time,13:15:00,0.441
BHARTI.IN,BRTI.NS,NSI-MAIN,India Standard Time,13:20:00,0.4492
BHARTI.IN,BRTI.NS,NSI-MAIN,India Standard Time,13:25:00,0.4572
BHARTI.IN,BRTI.NS,NSI-MAIN,India Standard Time,13:30:00,0.4654
BHARTI.IN,BRTI.NS,NSI-MAIN,India Standard Time,13:35:00,0.4744
BHARTI.IN,BRTI.NS,NSI-MAIN,India Standard Time,13:40:00,0.4832
BHARTI.IN,BRTI.NS,NSI-MAIN,India Standard Time,13:45:00,0.4925
BHARTI.IN,BRTI.NS,NSI-MAIN,India Standard Time,13:50:00,0.5036
BHARTI.IN,BRTI.NS,NSI-MAIN,India Standard Time,13:55:00,0.5148
BHARTI.IN,BRTI.NS,NSI-MAIN,India Standard Time,14:00:00,0.5251
BHARTI.IN,BRTI.NS,NSI-MAIN,India Standard Time,14:05:00,0.5376
BHARTI.IN,BRTI.NS,NSI-MAIN,India Standard Time,14:10:00,0.5488
BHARTI.IN,BRTI.NS,NSI-MAIN,India Standard Time,14:15:00,0.5614
BHARTI.IN,BRTI.NS,NSI-MAIN,India Standard Time,14:20:00,0.5763
BHARTI.IN,BRTI.NS,NSI-MAIN,India Standard Time,14:25:00,0.591
BHARTI.IN,BRTI.NS,NSI-MAIN,India Standard Time,14:30:00,0.6056
BHARTI.IN,BRTI.NS,NSI-MAIN,India Standard Time,14:35:00,0.6213
BHARTI.IN,BRTI.NS,NSI-MAIN,India Standard Time,14:40:00,0.6378
BHARTI.IN,BRTI.NS,NSI-MAIN,India Standard Time,14:45:00,0.6543
BHARTI.IN,BRTI.NS,NSI-MAIN,India Standard Time,14:50:00,0.6751
BHARTI.IN,BRTI.NS,NSI-MAIN,India Standard Time,14:55:00,0.6933
BHARTI.IN,BRTI.NS,NSI-MAIN,India Standard Time,15:00:00,0.7142
BHARTI.IN,BRTI.NS,NSI-MAIN,India Standard Time,15:05:00,0.7378
BHARTI.IN,BRTI.NS,NSI-MAIN,India Standard Time,15:10:00,0.7613
BHARTI.IN,BRTI.NS,NSI-MAIN,India Standard Time,15:15:00,0.7893
BHARTI.IN,BRTI.NS,NSI-MAIN,India Standard Time,15:20:00,0.8151
BHARTI.IN,BRTI.NS,NSI-MAIN,India Standard Time,15:25:00,0.847
BHARTI.IN,BRTI.NS,NSI-MAIN,India Standard Time,15:30:00,1
ITC.IN,ITC.NS,NSI-MAIN,India Standard Time,0:00:00,0
ITC.IN,ITC.NS,NSI-MAIN,India Standard Time,9:00:00,0
ITC.IN,ITC.NS,NSI-MAIN,India Standard Time,9:15:00,0.0234
ITC.IN,ITC.NS,NSI-MAIN,India Standard Time,9:20:00,0.0446
ITC.IN,ITC.NS,NSI-MAIN,India Standard Time,9:25:00,0.0633
ITC.IN,ITC.NS,NSI-MAIN,India Standard Time,9:30:00,0.0825
ITC.IN,ITC.NS,NSI-MAIN,India Standard Time,9:35:00,0.099
ITC.IN,ITC.NS,NSI-MAIN,India Standard Time,9:40:00,0.1159
ITC.IN,ITC.NS,NSI-MAIN,India Standard Time,9:45:00,0.1307
ITC.IN,ITC.NS,NSI-MAIN,India Standard Time,9:50:00,0.1449
ITC.IN,ITC.NS,NSI-MAIN,India Standard Time,9:55:00,0.1594
ITC.IN,ITC.NS,NSI-MAIN,India Standard Time,10:00:00,0.1743
ITC.IN,ITC.NS,NSI-MAIN,India Standard Time,10:05:00,0.1867
ITC.IN,ITC.NS,NSI-MAIN,India Standard Time,10:10:00,0.1989
ITC.IN,ITC.NS,NSI-MAIN,India Standard Time,10:15:00,0.2115
ITC.IN,ITC.NS,NSI-MAIN,India Standard Time,10:20:00,0.2245
ITC.IN,ITC.NS,NSI-MAIN,India Standard Time,10:25:00,0.2362
ITC.IN,ITC.NS,NSI-MAIN,India Standard Time,10:30:00,0.247
ITC.IN,ITC.NS,NSI-MAIN,India Standard Time,10:35:00,0.2588
ITC.IN,ITC.NS,NSI-MAIN,India Standard Time,10:40:00,0.2682
ITC.IN,ITC.NS,NSI-MAIN,India Standard Time,10:45:00,0.279
ITC.IN,ITC.NS,NSI-MAIN,India Standard Time,10:50:00,0.2884
ITC.IN,ITC.NS,NSI-MAIN,India Standard Time,10:55:00,0.2972
ITC.IN,ITC.NS,NSI-MAIN,India Standard Time,11:00:00,0.3058
ITC.IN,ITC.NS,NSI-MAIN,India Standard Time,11:05:00,0.3144
ITC.IN,ITC.NS,NSI-MAIN,India Standard Time,11:10:00,0.3237
ITC.IN,ITC.NS,NSI-MAIN,India Standard Time,11:15:00,0.3317
ITC.IN,ITC.NS,NSI-MAIN,India Standard Time,11:20:00,0.3402
ITC.IN,ITC.NS,NSI-MAIN,India Standard Time,11:25:00,0.3486
ITC.IN,ITC.NS,NSI-MAIN,India Standard Time,11:30:00,0.3563
ITC.IN,ITC.NS,NSI-MAIN,India Standard Time,11:35:00,0.3642
ITC.IN,ITC.NS,NSI-MAIN,India Standard Time,11:40:00,0.3711
ITC.IN,ITC.NS,NSI-MAIN,India Standard Time,11:45:00,0.3779
ITC.IN,ITC.NS,NSI-MAIN,India Standard Time,11:50:00,0.3849
ITC.IN,ITC.NS,NSI-MAIN,India Standard Time,11:55:00,0.3924
ITC.IN,ITC.NS,NSI-MAIN,India Standard Time,12:00:00,0.3994
ITC.IN,ITC.NS,NSI-MAIN,India Standard Time,12:05:00,0.4063
ITC.IN,ITC.NS,NSI-MAIN,India Standard Time,12:10:00,0.4135
ITC.IN,ITC.NS,NSI-MAIN,India Standard Time,12:15:00,0.4205
ITC.IN,ITC.NS,NSI-MAIN,India Standard Time,12:20:00,0.4273
ITC.IN,ITC.NS,NSI-MAIN,India Standard Time,12:25:00,0.4348
ITC.IN,ITC.NS,NSI-MAIN,India Standard Time,12:30:00,0.4422
ITC.IN,ITC.NS,NSI-MAIN,India Standard Time,12:35:00,0.4491
ITC.IN,ITC.NS,NSI-MAIN,India Standard Time,12:40:00,0.4566
ITC.IN,ITC.NS,NSI-MAIN,India Standard Time,12:45:00,0.4641
ITC.IN,ITC.NS,NSI-MAIN,India Standard Time,12:50:00,0.4723
ITC.IN,ITC.NS,NSI-MAIN,India Standard Time,12:55:00,0.4805
ITC.IN,ITC.NS,NSI-MAIN,India Standard Time,13:00:00,0.4882
ITC.IN,ITC.NS,NSI-MAIN,India Standard Time,13:05:00,0.4973
ITC.IN,ITC.NS,NSI-MAIN,India Standard Time,13:10:00,0.5051
ITC.IN,ITC.NS,NSI-MAIN,India Standard Time,13:15:00,0.5137
ITC.IN,ITC.NS,NSI-MAIN,India Standard Time,13:20:00,0.5232
ITC.IN,ITC.NS,NSI-MAIN,India Standard Time,13:25:00,0.5318
ITC.IN,ITC.NS,NSI-MAIN,India Standard Time,13:30:00,0.5414
ITC.IN,ITC.NS,NSI-MAIN,India Standard Time,13:35:00,0.5504
ITC.IN,ITC.NS,NSI-MAIN,India Standard Time,13:40:00,0.561
ITC.IN,ITC.NS,NSI-MAIN,India Standard Time,13:45:00,0.5722
ITC.IN,ITC.NS,NSI-MAIN,India Standard Time,13:50:00,0.5833
ITC.IN,ITC.NS,NSI-MAIN,India Standard Time,13:55:00,0.5955
ITC.IN,ITC.NS,NSI-MAIN,India Standard Time,14:00:00,0.6069
ITC.IN,ITC.NS,NSI-MAIN,India Standard Time,14:05:00,0.6195
ITC.IN,ITC.NS,NSI-MAIN,India Standard Time,14:10:00,0.6324
ITC.IN,ITC.NS,NSI-MAIN,India Standard Time,14:15:00,0.6458
ITC.IN,ITC.NS,NSI-MAIN,India Standard Time,14:20:00,0.6593
ITC.IN,ITC.NS,NSI-MAIN,India Standard Time,14:25:00,0.6744
ITC.IN,ITC.NS,NSI-MAIN,India Standard Time,14:30:00,0.6905
ITC.IN,ITC.NS,NSI-MAIN,India Standard Time,14:35:00,0.7058
ITC.IN,ITC.NS,NSI-MAIN,India Standard Time,14:40:00,0.7224
ITC.IN,ITC.NS,NSI-MAIN,India Standard Time,14:45:00,0.7378
ITC.IN,ITC.NS,NSI-MAIN,India Standard Time,14:50:00,0.7561
ITC.IN,ITC.NS,NSI-MAIN,India Standard Time,14:55:00,0.7751
ITC.IN,ITC.NS,NSI-MAIN,India Standard Time,15:00:00,0.7964
ITC.IN,ITC.NS,NSI-MAIN,India Standard Time,15:05:00,0.8181
ITC.IN,ITC.NS,NSI-MAIN,India Standard Time,15:10:00,0.8387
ITC.IN,ITC.NS,NSI-MAIN,India Standard Time,15:15:00,0.8608
ITC.IN,ITC.NS,NSI-MAIN,India Standard Time,15:20:00,0.8856
ITC.IN,ITC.NS,NSI-MAIN,India Standard Time,15:25:00,0.9085
ITC.IN,ITC.NS,NSI-MAIN,India Standard Time,15:30:00,1
AXSB.IN,AXBK.NS,NSI-MAIN,India Standard Time,0:00:00,0
AXSB.IN,AXBK.NS,NSI-MAIN,India Standard Time,9:00:00,0
AXSB.IN,AXBK.NS,NSI-MAIN,India Standard Time,9:15:00,0.0156
AXSB.IN,AXBK.NS,NSI-MAIN,India Standard Time,9:20:00,0.0307
AXSB.IN,AXBK.NS,NSI-MAIN,India Standard Time,9:25:00,0.0471
AXSB.IN,AXBK.NS,NSI-MAIN,India Standard Time,9:30:00,0.0603
AXSB.IN,AXBK.NS,NSI-MAIN,India Standard Time,9:35:00,0.074
AXSB.IN,AXBK.NS,NSI-MAIN,India Standard Time,9:40:00,0.0865
AXSB.IN,AXBK.NS,NSI-MAIN,India Standard Time,9:45:00,0.0983
AXSB.IN,AXBK.NS,NSI-MAIN,India Standard Time,9:50:00,0.1096
AXSB.IN,AXBK.NS,NSI-MAIN,India Standard Time,9:55:00,0.1198
AXSB.IN,AXBK.NS,NSI-MAIN,India Standard Time,10:00:00,0.1308
AXSB.IN,AXBK.NS,NSI-MAIN,India Standard Time,10:05:00,0.1399
AXSB.IN,AXBK.NS,NSI-MAIN,India Standard Time,10:10:00,0.1489
AXSB.IN,AXBK.NS,NSI-MAIN,India Standard Time,10:15:00,0.1571
AXSB.IN,AXBK.NS,NSI-MAIN,India Standard Time,10:20:00,0.1655
AXSB.IN,AXBK.NS,NSI-MAIN,India Standard Time,10:25:00,0.1738
AXSB.IN,AXBK.NS,NSI-MAIN,India Standard Time,10:30:00,0.1827
AXSB.IN,AXBK.NS,NSI-MAIN,India Standard Time,10:35:00,0.1904
AXSB.IN,AXBK.NS,NSI-MAIN,India Standard Time,10:40:00,0.1974
AXSB.IN,AXBK.NS,NSI-MAIN,India Standard Time,10:45:00,0.2045
AXSB.IN,AXBK.NS,NSI-MAIN,India Standard Time,10:50:00,0.2123
AXSB.IN,AXBK.NS,NSI-MAIN,India Standard Time,10:55:00,0.2186
AXSB.IN,AXBK.NS,NSI-MAIN,India Standard Time,11:00:00,0.2255
AXSB.IN,AXBK.NS,NSI-MAIN,India Standard Time,11:05:00,0.2319
AXSB.IN,AXBK.NS,NSI-MAIN,India Standard Time,11:10:00,0.2383
AXSB.IN,AXBK.NS,NSI-MAIN,India Standard Time,11:15:00,0.2442
AXSB.IN,AXBK.NS,NSI-MAIN,India Standard Time,11:20:00,0.2504
AXSB.IN,AXBK.NS,NSI-MAIN,India Standard Time,11:25:00,0.2561
AXSB.IN,AXBK.NS,NSI-MAIN,India Standard Time,11:30:00,0.2618
AXSB.IN,AXBK.NS,NSI-MAIN,India Standard Time,11:35:00,0.2677
AXSB.IN,AXBK.NS,NSI-MAIN,India Standard Time,11:40:00,0.273
AXSB.IN,AXBK.NS,NSI-MAIN,India Standard Time,11:45:00,0.2778
AXSB.IN,AXBK.NS,NSI-MAIN,India Standard Time,11:50:00,0.2824
AXSB.IN,AXBK.NS,NSI-MAIN,India Standard Time,11:55:00,0.2878
AXSB.IN,AXBK.NS,NSI-MAIN,India Standard Time,12:00:00,0.2926
AXSB.IN,AXBK.NS,NSI-MAIN,India Standard Time,12:05:00,0.2972
AXSB.IN,AXBK.NS,NSI-MAIN,India Standard Time,12:10:00,0.3024
AXSB.IN,AXBK.NS,NSI-MAIN,India Standard Time,12:15:00,0.3073
AXSB.IN,AXBK.NS,NSI-MAIN,India Standard Time,12:20:00,0.3124
AXSB.IN,AXBK.NS,NSI-MAIN,India Standard Time,12:25:00,0.3178
AXSB.IN,AXBK.NS,NSI-MAIN,India Standard Time,12:30:00,0.3226
AXSB.IN,AXBK.NS,NSI-MAIN,India Standard Time,12:35:00,0.3276
AXSB.IN,AXBK.NS,NSI-MAIN,India Standard Time,12:40:00,0.3334
AXSB.IN,AXBK.NS,NSI-MAIN,India Standard Time,12:45:00,0.3385
AXSB.IN,AXBK.NS,NSI-MAIN,India Standard Time,12:50:00,0.3446
AXSB.IN,AXBK.NS,NSI-MAIN,India Standard Time,12:55:00,0.3501
AXSB.IN,AXBK.NS,NSI-MAIN,India Standard Time,13:00:00,0.3566
AXSB.IN,AXBK.NS,NSI-MAIN,India Standard Time,13:05:00,0.3635
AXSB.IN,AXBK.NS,NSI-MAIN,India Standard Time,13:10:00,0.371
AXSB.IN,AXBK.NS,NSI-MAIN,India Standard Time,13:15:00,0.3788
AXSB.IN,AXBK.NS,NSI-MAIN,India Standard Time,13:20:00,0.3864
AXSB.IN,AXBK.NS,NSI-MAIN,India Standard Time,13:25:00,0.3939
AXSB.IN,AXBK.NS,NSI-MAIN,India Standard Time,13:30:00,0.4017
AXSB.IN,AXBK.NS,NSI-MAIN,India Standard Time,13:35:00,0.4106
AXSB.IN,AXBK.NS,NSI-MAIN,India Standard Time,13:40:00,0.42
AXSB.IN,AXBK.NS,NSI-MAIN,India Standard Time,13:45:00,0.4289
AXSB.IN,AXBK.NS,NSI-MAIN,India Standard Time,13:50:00,0.44
AXSB.IN,AXBK.NS,NSI-MAIN,India Standard Time,13:55:00,0.4508
AXSB.IN,AXBK.NS,NSI-MAIN,India Standard Time,14:00:00,0.4626
AXSB.IN,AXBK.NS,NSI-MAIN,India Standard Time,14:05:00,0.4739
AXSB.IN,AXBK.NS,NSI-MAIN,India Standard Time,14:10:00,0.4858
AXSB.IN,AXBK.NS,NSI-MAIN,India Standard Time,14:15:00,0.4978
AXSB.IN,AXBK.NS,NSI-MAIN,India Standard Time,14:20:00,0.5113
AXSB.IN,AXBK.NS,NSI-MAIN,India Standard Time,14:25:00,0.5253
AXSB.IN,AXBK.NS,NSI-MAIN,India Standard Time,14:30:00,0.5406
AXSB.IN,AXBK.NS,NSI-MAIN,India Standard Time,14:35:00,0.5565
AXSB.IN,AXBK.NS,NSI-MAIN,India Standard Time,14:40:00,0.575
AXSB.IN,AXBK.NS,NSI-MAIN,India Standard Time,14:45:00,0.5948
AXSB.IN,AXBK.NS,NSI-MAIN,India Standard Time,14:50:00,0.613
AXSB.IN,AXBK.NS,NSI-MAIN,India Standard Time,14:55:00,0.6333
AXSB.IN,AXBK.NS,NSI-MAIN,India Standard Time,15:00:00,0.6537
AXSB.IN,AXBK.NS,NSI-MAIN,India Standard Time,15:05:00,0.6779
AXSB.IN,AXBK.NS,NSI-MAIN,India Standard Time,15:10:00,0.7051
AXSB.IN,AXBK.NS,NSI-MAIN,India Standard Time,15:15:00,0.73
AXSB.IN,AXBK.NS,NSI-MAIN,India Standard Time,15:20:00,0.7598
AXSB.IN,AXBK.NS,NSI-MAIN,India Standard Time,15:25:00,0.7889
AXSB.IN,AXBK.NS,NSI-MAIN,India Standard Time,15:30:00,1
KMB.IN,KTKM.NS,NSI-MAIN,India Standard Time,0:00:00,0
KMB.IN,KTKM.NS,NSI-MAIN,India Standard Time,9:00:00,0
KMB.IN,KTKM.NS,NSI-MAIN,India Standard Time,9:15:00,0.0184
KMB.IN,KTKM.NS,NSI-MAIN,India Standard Time,9:20:00,0.0375
KMB.IN,KTKM.NS,NSI-MAIN,India Standard Time,9:25:00,0.0568
KMB.IN,KTKM.NS,NSI-MAIN,India Standard Time,9:30:00,0.0722
KMB.IN,KTKM.NS,NSI-MAIN,India Standard Time,9:35:00,0.0882
KMB.IN,KTKM.NS,NSI-MAIN,India Standard Time,9:40:00,0.1034
KMB.IN,KTKM.NS,NSI-MAIN,India Standard Time,9:45:00,0.1163
KMB.IN,KTKM.NS,NSI-MAIN,India Standard Time,9:50:00,0.1293
KMB.IN,KTKM.NS,NSI-MAIN,India Standard Time,9:55:00,0.1425
KMB.IN,KTKM.NS,NSI-MAIN,India Standard Time,10:00:00,0.1545
KMB.IN,KTKM.NS,NSI-MAIN,India Standard Time,10:05:00,0.1666
KMB.IN,KTKM.NS,NSI-MAIN,India Standard Time,10:10:00,0.1768
KMB.IN,KTKM.NS,NSI-MAIN,India Standard Time,10:15:00,0.1868
KMB.IN,KTKM.NS,NSI-MAIN,India Standard Time,10:20:00,0.1962
KMB.IN,KTKM.NS,NSI-MAIN,India Standard Time,10:25:00,0.206
KMB.IN,KTKM.NS,NSI-MAIN,India Standard Time,10:30:00,0.2161
KMB.IN,KTKM.NS,NSI-MAIN,India Standard Time,10:35:00,0.2253
KMB.IN,KTKM.NS,NSI-MAIN,India Standard Time,10:40:00,0.2345
KMB.IN,KTKM.NS,NSI-MAIN,India Standard Time,10:45:00,0.2427
KMB.IN,KTKM.NS,NSI-MAIN,India Standard Time,10:50:00,0.2512
KMB.IN,KTKM.NS,NSI-MAIN,India Standard Time,10:55:00,0.2584
KMB.IN,KTKM.NS,NSI-MAIN,India Standard Time,11:00:00,0.2656
KMB.IN,KTKM.NS,NSI-MAIN,India Standard Time,11:05:00,0.2732
KMB.IN,KTKM.NS,NSI-MAIN,India Standard Time,11:10:00,0.2805
KMB.IN,KTKM.NS,NSI-MAIN,India Standard Time,11:15:00,0.2872
KMB.IN,KTKM.NS,NSI-MAIN,India Standard Time,11:20:00,0.2932
KMB.IN,KTKM.NS,NSI-MAIN,India Standard Time,11:25:00,0.2993
KMB.IN,KTKM.NS,NSI-MAIN,India Standard Time,11:30:00,0.305
KMB.IN,KTKM.NS,NSI-MAIN,India Standard Time,11:35:00,0.3107
KMB.IN,KTKM.NS,NSI-MAIN,India Standard Time,11:40:00,0.3168
KMB.IN,KTKM.NS,NSI-MAIN,India Standard Time,11:45:00,0.322
KMB.IN,KTKM.NS,NSI-MAIN,India Standard Time,11:50:00,0.3279
KMB.IN,KTKM.NS,NSI-MAIN,India Standard Time,11:55:00,0.3336
KMB.IN,KTKM.NS,NSI-MAIN,India Standard Time,12:00:00,0.3383
KMB.IN,KTKM.NS,NSI-MAIN,India Standard Time,12:05:00,0.3434
KMB.IN,KTKM.NS,NSI-MAIN,India Standard Time,12:10:00,0.3484
KMB.IN,KTKM.NS,NSI-MAIN,India Standard Time,12:15:00,0.353
KMB.IN,KTKM.NS,NSI-MAIN,India Standard Time,12:20:00,0.358
KMB.IN,KTKM.NS,NSI-MAIN,India Standard Time,12:25:00,0.3635
KMB.IN,KTKM.NS,NSI-MAIN,India Standard Time,12:30:00,0.3683
KMB.IN,KTKM.NS,NSI-MAIN,India Standard Time,12:35:00,0.3737
KMB.IN,KTKM.NS,NSI-MAIN,India Standard Time,12:40:00,0.3787
KMB.IN,KTKM.NS,NSI-MAIN,India Standard Time,12:45:00,0.3844
KMB.IN,KTKM.NS,NSI-MAIN,India Standard Time,12:50:00,0.3906
KMB.IN,KTKM.NS,NSI-MAIN,India Standard Time,12:55:00,0.3963
KMB.IN,KTKM.NS,NSI-MAIN,India Standard Time,13:00:00,0.4019
KMB.IN,KTKM.NS,NSI-MAIN,India Standard Time,13:05:00,0.4078
KMB.IN,KTKM.NS,NSI-MAIN,India Standard Time,13:10:00,0.4146
KMB.IN,KTKM.NS,NSI-MAIN,India Standard Time,13:15:00,0.421
KMB.IN,KTKM.NS,NSI-MAIN,India Standard Time,13:20:00,0.4278
KMB.IN,KTKM.NS,NSI-MAIN,India Standard Time,13:25:00,0.4355
KMB.IN,KTKM.NS,NSI-MAIN,India Standard Time,13:30:00,0.4442
KMB.IN,KTKM.NS,NSI-MAIN,India Standard Time,13:35:00,0.4525
KMB.IN,KTKM.NS,NSI-MAIN,India Standard Time,13:40:00,0.4611
KMB.IN,KTKM.NS,NSI-MAIN,India Standard Time,13:45:00,0.4706
KMB.IN,KTKM.NS,NSI-MAIN,India Standard Time,13:50:00,0.4794
KMB.IN,KTKM.NS,NSI-MAIN,India Standard Time,13:55:00,0.4896
KMB.IN,KTKM.NS,NSI-MAIN,India Standard Time,14:00:00,0.4993
KMB.IN,KTKM.NS,NSI-MAIN,India Standard Time,14:05:00,0.5105
KMB.IN,KTKM.NS,NSI-MAIN,India Standard Time,14:10:00,0.5229
KMB.IN,KTKM.NS,NSI-MAIN,India Standard Time,14:15:00,0.5338
KMB.IN,KTKM.NS,NSI-MAIN,India Standard Time,14:20:00,0.5464
KMB.IN,KTKM.NS,NSI-MAIN,India Standard Time,14:25:00,0.5597
KMB.IN,KTKM.NS,NSI-MAIN,India Standard Time,14:30:00,0.5724
KMB.IN,KTKM.NS,NSI-MAIN,India Standard Time,14:35:00,0.5861
KMB.IN,KTKM.NS,NSI-MAIN,India Standard Time,14:40:00,0.6026
KMB.IN,KTKM.NS,NSI-MAIN,India Standard Time,14:45:00,0.62
KMB.IN,KTKM.NS,NSI-MAIN,India Standard Time,14:50:00,0.6354
KMB.IN,KTKM.NS,NSI-MAIN,India Standard Time,14:55:00,0.6536
KMB.IN,KTKM.NS,NSI-MAIN,India Standard Time,15:00:00,0.6737
KMB.IN,KTKM.NS,NSI-MAIN,India Standard Time,15:05:00,0.6922
KMB.IN,KTKM.NS,NSI-MAIN,India Standard Time,15:10:00,0.7133
KMB.IN,KTKM.NS,NSI-MAIN,India Standard Time,15:15:00,0.7332
KMB.IN,KTKM.NS,NSI-MAIN,India Standard Time,15:20:00,0.7558
KMB.IN,KTKM.NS,NSI-MAIN,India Standard Time,15:25:00,0.7813
KMB.IN,KTKM.NS,NSI-MAIN,India Standard Time,15:30:00,1
LT.IN,LART.NS,NSI-MAIN,India Standard Time,0:00:00,0
LT.IN,LART.NS,NSI-MAIN,India Standard Time,9:00:00,0
LT.IN,LART.NS,NSI-MAIN,India Standard Time,9:15:00,0.0239
LT.IN,LART.NS,NSI-MAIN,India Standard Time,9:20:00,0.0463
LT.IN,LART.NS,NSI-MAIN,India Standard Time,9:25:00,0.0665
LT.IN,LART.NS,NSI-MAIN,India Standard Time,9:30:00,0.0837
LT.IN,LART.NS,NSI-MAIN,India Standard Time,9:35:00,0.1011
LT.IN,LART.NS,NSI-MAIN,India Standard Time,9:40:00,0.1169
LT.IN,LART.NS,NSI-MAIN,India Standard Time,9:45:00,0.1315
LT.IN,LART.NS,NSI-MAIN,India Standard Time,9:50:00,0.1475
LT.IN,LART.NS,NSI-MAIN,India Standard Time,9:55:00,0.1627
LT.IN,LART.NS,NSI-MAIN,India Standard Time,10:00:00,0.1747
LT.IN,LART.NS,NSI-MAIN,India Standard Time,10:05:00,0.1882
LT.IN,LART.NS,NSI-MAIN,India Standard Time,10:10:00,0.2005
LT.IN,LART.NS,NSI-MAIN,India Standard Time,10:15:00,0.2118
LT.IN,LART.NS,NSI-MAIN,India Standard Time,10:20:00,0.2224
LT.IN,LART.NS,NSI-MAIN,India Standard Time,10:25:00,0.2334
LT.IN,LART.NS,NSI-MAIN,India Standard Time,10:30:00,0.2436
LT.IN,LART.NS,NSI-MAIN,India Standard Time,10:35:00,0.2539
LT.IN,LART.NS,NSI-MAIN,India Standard Time,10:40:00,0.2638
LT.IN,LART.NS,NSI-MAIN,India Standard Time,10:45:00,0.2724
LT.IN,LART.NS,NSI-MAIN,India Standard Time,10:50:00,0.2818
LT.IN,LART.NS,NSI-MAIN,India Standard Time,10:55:00,0.2914
LT.IN,LART.NS,NSI-MAIN,India Standard Time,11:00:00,0.3006
LT.IN,LART.NS,NSI-MAIN,India Standard Time,11:05:00,0.309
LT.IN,LART.NS,NSI-MAIN,India Standard Time,11:10:00,0.3162
LT.IN,LART.NS,NSI-MAIN,India Standard Time,11:15:00,0.3232
LT.IN,LART.NS,NSI-MAIN,India Standard Time,11:20:00,0.3302
LT.IN,LART.NS,NSI-MAIN,India Standard Time,11:25:00,0.3382
LT.IN,LART.NS,NSI-MAIN,India Standard Time,11:30:00,0.3451
LT.IN,LART.NS,NSI-MAIN,India Standard Time,11:35:00,0.3519
LT.IN,LART.NS,NSI-MAIN,India Standard Time,11:40:00,0.3594
LT.IN,LART.NS,NSI-MAIN,India Standard Time,11:45:00,0.3658
LT.IN,LART.NS,NSI-MAIN,India Standard Time,11:50:00,0.3725
LT.IN,LART.NS,NSI-MAIN,India Standard Time,11:55:00,0.379
LT.IN,LART.NS,NSI-MAIN,India Standard Time,12:00:00,0.3849
LT.IN,LART.NS,NSI-MAIN,India Standard Time,12:05:00,0.3914
LT.IN,LART.NS,NSI-MAIN,India Standard Time,12:10:00,0.3982
LT.IN,LART.NS,NSI-MAIN,India Standard Time,12:15:00,0.4041
LT.IN,LART.NS,NSI-MAIN,India Standard Time,12:20:00,0.4102
LT.IN,LART.NS,NSI-MAIN,India Standard Time,12:25:00,0.4165
LT.IN,LART.NS,NSI-MAIN,India Standard Time,12:30:00,0.4224
LT.IN,LART.NS,NSI-MAIN,India Standard Time,12:35:00,0.429
LT.IN,LART.NS,NSI-MAIN,India Standard Time,12:40:00,0.4361
LT.IN,LART.NS,NSI-MAIN,India Standard Time,12:45:00,0.4432
LT.IN,LART.NS,NSI-MAIN,India Standard Time,12:50:00,0.4503
LT.IN,LART.NS,NSI-MAIN,India Standard Time,12:55:00,0.4581
LT.IN,LART.NS,NSI-MAIN,India Standard Time,13:00:00,0.465
LT.IN,LART.NS,NSI-MAIN,India Standard Time,13:05:00,0.4728
LT.IN,LART.NS,NSI-MAIN,India Standard Time,13:10:00,0.4806
LT.IN,LART.NS,NSI-MAIN,India Standard Time,13:15:00,0.4889
LT.IN,LART.NS,NSI-MAIN,India Standard Time,13:20:00,0.4968
LT.IN,LART.NS,NSI-MAIN,India Standard Time,13:25:00,0.5061
LT.IN,LART.NS,NSI-MAIN,India Standard Time,13:30:00,0.5145
LT.IN,LART.NS,NSI-MAIN,India Standard Time,13:35:00,0.5234
LT.IN,LART.NS,NSI-MAIN,India Standard Time,13:40:00,0.5339
LT.IN,LART.NS,NSI-MAIN,India Standard Time,13:45:00,0.5451
LT.IN,LART.NS,NSI-MAIN,India Standard Time,13:50:00,0.5556
LT.IN,LART.NS,NSI-MAIN,India Standard Time,13:55:00,0.5665
LT.IN,LART.NS,NSI-MAIN,India Standard Time,14:00:00,0.5775
LT.IN,LART.NS,NSI-MAIN,India Standard Time,14:05:00,0.5889
LT.IN,LART.NS,NSI-MAIN,India Standard Time,14:10:00,0.6018
LT.IN,LART.NS,NSI-MAIN,India Standard Time,14:15:00,0.614
LT.IN,LART.NS,NSI-MAIN,India Standard Time,14:20:00,0.6267
LT.IN,LART.NS,NSI-MAIN,India Standard Time,14:25:00,0.6408
LT.IN,LART.NS,NSI-MAIN,India Standard Time,14:30:00,0.6548
LT.IN,LART.NS,NSI-MAIN,India Standard Time,14:35:00,0.671
LT.IN,LART.NS,NSI-MAIN,India Standard Time,14:40:00,0.6885
LT.IN,LART.NS,NSI-MAIN,India Standard Time,14:45:00,0.7067
LT.IN,LART.NS,NSI-MAIN,India Standard Time,14:50:00,0.7249
LT.IN,LART.NS,NSI-MAIN,India Standard Time,14:55:00,0.7435
LT.IN,LART.NS,NSI-MAIN,India Standard Time,15:00:00,0.7635
LT.IN,LART.NS,NSI-MAIN,India Standard Time,15:05:00,0.7828
LT.IN,LART.NS,NSI-MAIN,India Standard Time,15:10:00,0.8064
LT.IN,LART.NS,NSI-MAIN,India Standard Time,15:15:00,0.8296
LT.IN,LART.NS,NSI-MAIN,India Standard Time,15:20:00,0.8542
LT.IN,LART.NS,NSI-MAIN,India Standard Time,15:25:00,0.879
LT.IN,LART.NS,NSI-MAIN,India Standard Time,15:30:00,1
HUVR.IN,HLL.NS,NSI-MAIN,India Standard Time,0:00:00,0
HUVR.IN,HLL.NS,NSI-MAIN,India Standard Time,9:00:00,0
HUVR.IN,HLL.NS,NSI-MAIN,India Standard Time,9:15:00,0.02
HUVR.IN,HLL.NS,NSI-MAIN,India Standard Time,9:20:00,0.039
HUVR.IN,HLL.NS,NSI-MAIN,India Standard Time,9:25:00,0.0554
HUVR.IN,HLL.NS,NSI-MAIN,India Standard Time,9:30:00,0.0719
HUVR.IN,HLL.NS,NSI-MAIN,India Standard Time,9:35:00,0.0878
HUVR.IN,HLL.NS,NSI-MAIN,India Standard Time,9:40:00,0.1032
HUVR.IN,HLL.NS,NSI-MAIN,India Standard Time,9:45:00,0.1159
HUVR.IN,HLL.NS,NSI-MAIN,India Standard Time,9:50:00,0.1285
HUVR.IN,HLL.NS,NSI-MAIN,India Standard Time,9:55:00,0.14
HUVR.IN,HLL.NS,NSI-MAIN,India Standard Time,10:00:00,0.1526
HUVR.IN,HLL.NS,NSI-MAIN,India Standard Time,10:05:00,0.1645
HUVR.IN,HLL.NS,NSI-MAIN,India Standard Time,10:10:00,0.1744
HUVR.IN,HLL.NS,NSI-MAIN,India Standard Time,10:15:00,0.1859
HUVR.IN,HLL.NS,NSI-MAIN,India Standard Time,10:20:00,0.1969
HUVR.IN,HLL.NS,NSI-MAIN,India Standard Time,10:25:00,0.2069
HUVR.IN,HLL.NS,NSI-MAIN,India Standard Time,10:30:00,0.2165
HUVR.IN,HLL.NS,NSI-MAIN,India Standard Time,10:35:00,0.225
HUVR.IN,HLL.NS,NSI-MAIN,India Standard Time,10:40:00,0.233
HUVR.IN,HLL.NS,NSI-MAIN,India Standard Time,10:45:00,0.2417
HUVR.IN,HLL.NS,NSI-MAIN,India Standard Time,10:50:00,0.2493
HUVR.IN,HLL.NS,NSI-MAIN,India Standard Time,10:55:00,0.2569
HUVR.IN,HLL.NS,NSI-MAIN,India Standard Time,11:00:00,0.2645
HUVR.IN,HLL.NS,NSI-MAIN,India Standard Time,11:05:00,0.2715
HUVR.IN,HLL.NS,NSI-MAIN,India Standard Time,11:10:00,0.279
HUVR.IN,HLL.NS,NSI-MAIN,India Standard Time,11:15:00,0.2864
HUVR.IN,HLL.NS,NSI-MAIN,India Standard Time,11:20:00,0.2942
HUVR.IN,HLL.NS,NSI-MAIN,India Standard Time,11:25:00,0.3014
HUVR.IN,HLL.NS,NSI-MAIN,India Standard Time,11:30:00,0.3086
HUVR.IN,HLL.NS,NSI-MAIN,India Standard Time,11:35:00,0.3156
HUVR.IN,HLL.NS,NSI-MAIN,India Standard Time,11:40:00,0.3227
HUVR.IN,HLL.NS,NSI-MAIN,India Standard Time,11:45:00,0.3294
HUVR.IN,HLL.NS,NSI-MAIN,India Standard Time,11:50:00,0.3358
HUVR.IN,HLL.NS,NSI-MAIN,India Standard Time,11:55:00,0.3431
HUVR.IN,HLL.NS,NSI-MAIN,India Standard Time,12:00:00,0.3504
HUVR.IN,HLL.NS,NSI-MAIN,India Standard Time,12:05:00,0.3574
HUVR.IN,HLL.NS,NSI-MAIN,India Standard Time,12:10:00,0.3643
HUVR.IN,HLL.NS,NSI-MAIN,India Standard Time,12:15:00,0.3706
HUVR.IN,HLL.NS,NSI-MAIN,India Standard Time,12:20:00,0.3769
HUVR.IN,HLL.NS,NSI-MAIN,India Standard Time,12:25:00,0.3833
HUVR.IN,HLL.NS,NSI-MAIN,India Standard Time,12:30:00,0.3895
HUVR.IN,HLL.NS,NSI-MAIN,India Standard Time,12:35:00,0.3967
HUVR.IN,HLL.NS,NSI-MAIN,India Standard Time,12:40:00,0.4036
HUVR.IN,HLL.NS,NSI-MAIN,India Standard Time,12:45:00,0.4112
HUVR.IN,HLL.NS,NSI-MAIN,India Standard Time,12:50:00,0.4182
HUVR.IN,HLL.NS,NSI-MAIN,India Standard Time,12:55:00,0.4263
HUVR.IN,HLL.NS,NSI-MAIN,India Standard Time,13:00:00,0.4344
HUVR.IN,HLL.NS,NSI-MAIN,India Standard Time,13:05:00,0.4414
HUVR.IN,HLL.NS,NSI-MAIN,India Standard Time,13:10:00,0.449
HUVR.IN,HLL.NS,NSI-MAIN,India Standard Time,13:15:00,0.4579
HUVR.IN,HLL.NS,NSI-MAIN,India Standard Time,13:20:00,0.4663
HUVR.IN,HLL.NS,NSI-MAIN,India Standard Time,13:25:00,0.4759
HUVR.IN,HLL.NS,NSI-MAIN,India Standard Time,13:30:00,0.4848
HUVR.IN,HLL.NS,NSI-MAIN,India Standard Time,13:35:00,0.4934
HUVR.IN,HLL.NS,NSI-MAIN,India Standard Time,13:40:00,0.5033
HUVR.IN,HLL.NS,NSI-MAIN,India Standard Time,13:45:00,0.514
HUVR.IN,HLL.NS,NSI-MAIN,India Standard Time,13:50:00,0.5239
HUVR.IN,HLL.NS,NSI-MAIN,India Standard Time,13:55:00,0.5339
HUVR.IN,HLL.NS,NSI-MAIN,India Standard Time,14:00:00,0.5448
HUVR.IN,HLL.NS,NSI-MAIN,India Standard Time,14:05:00,0.5576
HUVR.IN,HLL.NS,NSI-MAIN,India Standard Time,14:10:00,0.5705
HUVR.IN,HLL.NS,NSI-MAIN,India Standard Time,14:15:00,0.5823
HUVR.IN,HLL.NS,NSI-MAIN,India Standard Time,14:20:00,0.5949
HUVR.IN,HLL.NS,NSI-MAIN,India Standard Time,14:25:00,0.6078
HUVR.IN,HLL.NS,NSI-MAIN,India Standard Time,14:30:00,0.6211
HUVR.IN,HLL.NS,NSI-MAIN,India Standard Time,14:35:00,0.6374
HUVR.IN,HLL.NS,NSI-MAIN,India Standard Time,14:40:00,0.6525
HUVR.IN,HLL.NS,NSI-MAIN,India Standard Time,14:45:00,0.6697
HUVR.IN,HLL.NS,NSI-MAIN,India Standard Time,14:50:00,0.6874
HUVR.IN,HLL.NS,NSI-MAIN,India Standard Time,14:55:00,0.7052
HUVR.IN,HLL.NS,NSI-MAIN,India Standard Time,15:00:00,0.7261
HUVR.IN,HLL.NS,NSI-MAIN,India Standard Time,15:05:00,0.7457
HUVR.IN,HLL.NS,NSI-MAIN,India Standard Time,15:10:00,0.7688
HUVR.IN,HLL.NS,NSI-MAIN,India Standard Time,15:15:00,0.7908
HUVR.IN,HLL.NS,NSI-MAIN,India Standard Time,15:20:00,0.8157
HUVR.IN,HLL.NS,NSI-MAIN,India Standard Time,15:25:00,0.8411
HUVR.IN,HLL.NS,NSI-MAIN,India Standard Time,15:30:00,1
MSIL.IN,MRTI.NS,NSI-MAIN,India Standard Time,0:00:00,0
MSIL.IN,MRTI.NS,NSI-MAIN,India Standard Time,9:00:00,0
MSIL.IN,MRTI.NS,NSI-MAIN,India Standard Time,9:15:00,0.019
MSIL.IN,MRTI.NS,NSI-MAIN,India Standard Time,9:20:00,0.0382
MSIL.IN,MRTI.NS,NSI-MAIN,India Standard Time,9:25:00,0.0558
MSIL.IN,MRTI.NS,NSI-MAIN,India Standard Time,9:30:00,0.0742
MSIL.IN,MRTI.NS,NSI-MAIN,India Standard Time,9:35:00,0.0912
MSIL.IN,MRTI.NS,NSI-MAIN,India Standard Time,9:40:00,0.1069
MSIL.IN,MRTI.NS,NSI-MAIN,India Standard Time,9:45:00,0.1216
MSIL.IN,MRTI.NS,NSI-MAIN,India Standard Time,9:50:00,0.1358
MSIL.IN,MRTI.NS,NSI-MAIN,India Standard Time,9:55:00,0.148
MSIL.IN,MRTI.NS,NSI-MAIN,India Standard Time,10:00:00,0.1604
MSIL.IN,MRTI.NS,NSI-MAIN,India Standard Time,10:05:00,0.1715
MSIL.IN,MRTI.NS,NSI-MAIN,India Standard Time,10:10:00,0.1839
MSIL.IN,MRTI.NS,NSI-MAIN,India Standard Time,10:15:00,0.1939
MSIL.IN,MRTI.NS,NSI-MAIN,India Standard Time,10:20:00,0.2052
MSIL.IN,MRTI.NS,NSI-MAIN,India Standard Time,10:25:00,0.2145
MSIL.IN,MRTI.NS,NSI-MAIN,India Standard Time,10:30:00,0.2247
MSIL.IN,MRTI.NS,NSI-MAIN,India Standard Time,10:35:00,0.2339
MSIL.IN,MRTI.NS,NSI-MAIN,India Standard Time,10:40:00,0.2429
MSIL.IN,MRTI.NS,NSI-MAIN,India Standard Time,10:45:00,0.2524
MSIL.IN,MRTI.NS,NSI-MAIN,India Standard Time,10:50:00,0.2602
MSIL.IN,MRTI.NS,NSI-MAIN,India Standard Time,10:55:00,0.2679
MSIL.IN,MRTI.NS,NSI-MAIN,India Standard Time,11:00:00,0.2768
MSIL.IN,MRTI.NS,NSI-MAIN,India Standard Time,11:05:00,0.2848
MSIL.IN,MRTI.NS,NSI-MAIN,India Standard Time,11:10:00,0.2919
MSIL.IN,MRTI.NS,NSI-MAIN,India Standard Time,11:15:00,0.3002
MSIL.IN,MRTI.NS,NSI-MAIN,India Standard Time,11:20:00,0.3083
MSIL.IN,MRTI.NS,NSI-MAIN,India Standard Time,11:25:00,0.3149
MSIL.IN,MRTI.NS,NSI-MAIN,India Standard Time,11:30:00,0.3219
MSIL.IN,MRTI.NS,NSI-MAIN,India Standard Time,11:35:00,0.3283
MSIL.IN,MRTI.NS,NSI-MAIN,India Standard Time,11:40:00,0.3349
MSIL.IN,MRTI.NS,NSI-MAIN,India Standard Time,11:45:00,0.3418
MSIL.IN,MRTI.NS,NSI-MAIN,India Standard Time,11:50:00,0.348
MSIL.IN,MRTI.NS,NSI-MAIN,India Standard Time,11:55:00,0.3548
MSIL.IN,MRTI.NS,NSI-MAIN,India Standard Time,12:00:00,0.3607
MSIL.IN,MRTI.NS,NSI-MAIN,India Standard Time,12:05:00,0.3667
MSIL.IN,MRTI.NS,NSI-MAIN,India Standard Time,12:10:00,0.3736
MSIL.IN,MRTI.NS,NSI-MAIN,India Standard Time,12:15:00,0.3799
MSIL.IN,MRTI.NS,NSI-MAIN,India Standard Time,12:20:00,0.3863
MSIL.IN,MRTI.NS,NSI-MAIN,India Standard Time,12:25:00,0.393
MSIL.IN,MRTI.NS,NSI-MAIN,India Standard Time,12:30:00,0.3996
MSIL.IN,MRTI.NS,NSI-MAIN,India Standard Time,12:35:00,0.4062
MSIL.IN,MRTI.NS,NSI-MAIN,India Standard Time,12:40:00,0.4125
MSIL.IN,MRTI.NS,NSI-MAIN,India Standard Time,12:45:00,0.4198
MSIL.IN,MRTI.NS,NSI-MAIN,India Standard Time,12:50:00,0.4277
MSIL.IN,MRTI.NS,NSI-MAIN,India Standard Time,12:55:00,0.4359
MSIL.IN,MRTI.NS,NSI-MAIN,India Standard Time,13:00:00,0.4438
MSIL.IN,MRTI.NS,NSI-MAIN,India Standard Time,13:05:00,0.4515
MSIL.IN,MRTI.NS,NSI-MAIN,India Standard Time,13:10:00,0.4594
MSIL.IN,MRTI.NS,NSI-MAIN,India Standard Time,13:15:00,0.4682
MSIL.IN,MRTI.NS,NSI-MAIN,India Standard Time,13:20:00,0.4773
MSIL.IN,MRTI.NS,NSI-MAIN,India Standard Time,13:25:00,0.4857
MSIL.IN,MRTI.NS,NSI-MAIN,India Standard Time,13:30:00,0.4946
MSIL.IN,MRTI.NS,NSI-MAIN,India Standard Time,13:35:00,0.5042
MSIL.IN,MRTI.NS,NSI-MAIN,India Standard Time,13:40:00,0.5144
MSIL.IN,MRTI.NS,NSI-MAIN,India Standard Time,13:45:00,0.5258
MSIL.IN,MRTI.NS,NSI-MAIN,India Standard Time,13:50:00,0.5368
MSIL.IN,MRTI.NS,NSI-MAIN,India Standard Time,13:55:00,0.5473
MSIL.IN,MRTI.NS,NSI-MAIN,India Standard Time,14:00:00,0.5602
MSIL.IN,MRTI.NS,NSI-MAIN,India Standard Time,14:05:00,0.5726
MSIL.IN,MRTI.NS,NSI-MAIN,India Standard Time,14:10:00,0.5858
MSIL.IN,MRTI.NS,NSI-MAIN,India Standard Time,14:15:00,0.5988
MSIL.IN,MRTI.NS,NSI-MAIN,India Standard Time,14:20:00,0.613
MSIL.IN,MRTI.NS,NSI-MAIN,India Standard Time,14:25:00,0.6279
MSIL.IN,MRTI.NS,NSI-MAIN,India Standard Time,14:30:00,0.6446
MSIL.IN,MRTI.NS,NSI-MAIN,India Standard Time,14:35:00,0.66
MSIL.IN,MRTI.NS,NSI-MAIN,India Standard Time,14:40:00,0.6778
MSIL.IN,MRTI.NS,NSI-MAIN,India Standard Time,14:45:00,0.6952
MSIL.IN,MRTI.NS,NSI-MAIN,India Standard Time,14:50:00,0.7155
MSIL.IN,MRTI.NS,NSI-MAIN,India Standard Time,14:55:00,0.7343
MSIL.IN,MRTI.NS,NSI-MAIN,India Standard Time,15:00:00,0.7553
MSIL.IN,MRTI.NS,NSI-MAIN,India Standard Time,15:05:00,0.7778
MSIL.IN,MRTI.NS,NSI-MAIN,India Standard Time,15:10:00,0.8032
MSIL.IN,MRTI.NS,NSI-MAIN,India Standard Time,15:15:00,0.8271
MSIL.IN,MRTI.NS,NSI-MAIN,India Standard Time,15:20:00,0.8548
MSIL.IN,MRTI.NS,NSI-MAIN,India Standard Time,15:25:00,0.8829
MSIL.IN,MRTI.NS,NSI-MAIN,India Standard Time,15:30:00,1
TTAN.IN,TITN.NS,NSI-MAIN,India Standard Time,0:00:00,0
TTAN.IN,TITN.NS,NSI-MAIN,India Standard Time,9:00:00,0
TTAN.IN,TITN.NS,NSI-MAIN,India Standard Time,9:15:00,0.0157
TTAN.IN,TITN.NS,NSI-MAIN,India Standard Time,9:20:00,0.0305
TTAN.IN,TITN.NS,NSI-MAIN,India Standard Time,9:25:00,0.0442
TTAN.IN,TITN.NS,NSI-MAIN,India Standard Time,9:30:00,0.0573
TTAN.IN,TITN.NS,NSI-MAIN,India Standard Time,9:35:00,0.071
TTAN.IN,TITN.NS,NSI-MAIN,India Standard Time,9:40:00,0.0824
TTAN.IN,TITN.NS,NSI-MAIN,India Standard Time,9:45:00,0.0943
TTAN.IN,TITN.NS,NSI-MAIN,India Standard Time,9:50:00,0.1048
TTAN.IN,TITN.NS,NSI-MAIN,India Standard Time,9:55:00,0.115
TTAN.IN,TITN.NS,NSI-MAIN,India Standard Time,10:00:00,0.1251
TTAN.IN,TITN.NS,NSI-MAIN,India Standard Time,10:05:00,0.1355
TTAN.IN,TITN.NS,NSI-MAIN,India Standard Time,10:10:00,0.145
TTAN.IN,TITN.NS,NSI-MAIN,India Standard Time,10:15:00,0.1532
TTAN.IN,TITN.NS,NSI-MAIN,India Standard Time,10:20:00,0.1615
TTAN.IN,TITN.NS,NSI-MAIN,India Standard Time,10:25:00,0.1693
TTAN.IN,TITN.NS,NSI-MAIN,India Standard Time,10:30:00,0.178
TTAN.IN,TITN.NS,NSI-MAIN,India Standard Time,10:35:00,0.1864
TTAN.IN,TITN.NS,NSI-MAIN,India Standard Time,10:40:00,0.1945
TTAN.IN,TITN.NS,NSI-MAIN,India Standard Time,10:45:00,0.2024
TTAN.IN,TITN.NS,NSI-MAIN,India Standard Time,10:50:00,0.2099
TTAN.IN,TITN.NS,NSI-MAIN,India Standard Time,10:55:00,0.2176
TTAN.IN,TITN.NS,NSI-MAIN,India Standard Time,11:00:00,0.2249
TTAN.IN,TITN.NS,NSI-MAIN,India Standard Time,11:05:00,0.2312
TTAN.IN,TITN.NS,NSI-MAIN,India Standard Time,11:10:00,0.2382
TTAN.IN,TITN.NS,NSI-MAIN,India Standard Time,11:15:00,0.2446
TTAN.IN,TITN.NS,NSI-MAIN,India Standard Time,11:20:00,0.2511
TTAN.IN,TITN.NS,NSI-MAIN,India Standard Time,11:25:00,0.2573
TTAN.IN,TITN.NS,NSI-MAIN,India Standard Time,11:30:00,0.2632
TTAN.IN,TITN.NS,NSI-MAIN,India Standard Time,11:35:00,0.2689
TTAN.IN,TITN.NS,NSI-MAIN,India Standard Time,11:40:00,0.2746
TTAN.IN,TITN.NS,NSI-MAIN,India Standard Time,11:45:00,0.2801
TTAN.IN,TITN.NS,NSI-MAIN,India Standard Time,11:50:00,0.2853
TTAN.IN,TITN.NS,NSI-MAIN,India Standard Time,11:55:00,0.2913
TTAN.IN,TITN.NS,NSI-MAIN,India Standard Time,12:00:00,0.2972
TTAN.IN,TITN.NS,NSI-MAIN,India Standard Time,12:05:00,0.3032
TTAN.IN,TITN.NS,NSI-MAIN,India Standard Time,12:10:00,0.3089
TTAN.IN,TITN.NS,NSI-MAIN,India Standard Time,12:15:00,0.3145
TTAN.IN,TITN.NS,NSI-MAIN,India Standard Time,12:20:00,0.3204
TTAN.IN,TITN.NS,NSI-MAIN,India Standard Time,12:25:00,0.3256
TTAN.IN,TITN.NS,NSI-MAIN,India Standard Time,12:30:00,0.3315
TTAN.IN,TITN.NS,NSI-MAIN,India Standard Time,12:35:00,0.3372
TTAN.IN,TITN.NS,NSI-MAIN,India Standard Time,12:40:00,0.3428
TTAN.IN,TITN.NS,NSI-MAIN,India Standard Time,12:45:00,0.3484
TTAN.IN,TITN.NS,NSI-MAIN,India Standard Time,12:50:00,0.3547
TTAN.IN,TITN.NS,NSI-MAIN,India Standard Time,12:55:00,0.3608
TTAN.IN,TITN.NS,NSI-MAIN,India Standard Time,13:00:00,0.3673
TTAN.IN,TITN.NS,NSI-MAIN,India Standard Time,13:05:00,0.3742
TTAN.IN,TITN.NS,NSI-MAIN,India Standard Time,13:10:00,0.3811
TTAN.IN,TITN.NS,NSI-MAIN,India Standard Time,13:15:00,0.3878
TTAN.IN,TITN.NS,NSI-MAIN,India Standard Time,13:20:00,0.3954
TTAN.IN,TITN.NS,NSI-MAIN,India Standard Time,13:25:00,0.4028
TTAN.IN,TITN.NS,NSI-MAIN,India Standard Time,13:30:00,0.4105
TTAN.IN,TITN.NS,NSI-MAIN,India Standard Time,13:35:00,0.4184
TTAN.IN,TITN.NS,NSI-MAIN,India Standard Time,13:40:00,0.427
TTAN.IN,TITN.NS,NSI-MAIN,India Standard Time,13:45:00,0.4354
TTAN.IN,TITN.NS,NSI-MAIN,India Standard Time,13:50:00,0.4452
TTAN.IN,TITN.NS,NSI-MAIN,India Standard Time,13:55:00,0.4561
TTAN.IN,TITN.NS,NSI-MAIN,India Standard Time,14:00:00,0.4662
TTAN.IN,TITN.NS,NSI-MAIN,India Standard Time,14:05:00,0.4776
TTAN.IN,TITN.NS,NSI-MAIN,India Standard Time,14:10:00,0.4899
TTAN.IN,TITN.NS,NSI-MAIN,India Standard Time,14:15:00,0.5007
TTAN.IN,TITN.NS,NSI-MAIN,India Standard Time,14:20:00,0.5122
TTAN.IN,TITN.NS,NSI-MAIN,India Standard Time,14:25:00,0.5261
TTAN.IN,TITN.NS,NSI-MAIN,India Standard Time,14:30:00,0.5408
TTAN.IN,TITN.NS,NSI-MAIN,India Standard Time,14:35:00,0.5556
TTAN.IN,TITN.NS,NSI-MAIN,India Standard Time,14:40:00,0.5698
TTAN.IN,TITN.NS,NSI-MAIN,India Standard Time,14:45:00,0.5855
TTAN.IN,TITN.NS,NSI-MAIN,India Standard Time,14:50:00,0.6037
TTAN.IN,TITN.NS,NSI-MAIN,India Standard Time,14:55:00,0.623
TTAN.IN,TITN.NS,NSI-MAIN,India Standard Time,15:00:00,0.6431
TTAN.IN,TITN.NS,NSI-MAIN,India Standard Time,15:05:00,0.662
TTAN.IN,TITN.NS,NSI-MAIN,India Standard Time,15:10:00,0.6849
TTAN.IN,TITN.NS,NSI-MAIN,India Standard Time,15:15:00,0.7071
TTAN.IN,TITN.NS,NSI-MAIN,India Standard Time,15:20:00,0.7323
TTAN.IN,TITN.NS,NSI-MAIN,India Standard Time,15:25:00,0.7562
TTAN.IN,TITN.NS,NSI-MAIN,India Standard Time,15:30:00,1
SUNP.IN,SUN.NS,NSI-MAIN,India Standard Time,0:00:00,0
SUNP.IN,SUN.NS,NSI-MAIN,India Standard Time,9:00:00,0
SUNP.IN,SUN.NS,NSI-MAIN,India Standard Time,9:15:00,0.0155
SUNP.IN,SUN.NS,NSI-MAIN,India Standard Time,9:20:00,0.03
SUNP.IN,SUN.NS,NSI-MAIN,India Standard Time,9:25:00,0.045
SUNP.IN,SUN.NS,NSI-MAIN,India Standard Time,9:30:00,0.0589
SUNP.IN,SUN.NS,NSI-MAIN,India Standard Time,9:35:00,0.0712
SUNP.IN,SUN.NS,NSI-MAIN,India Standard Time,9:40:00,0.0838
SUNP.IN,SUN.NS,NSI-MAIN,India Standard Time,9:45:00,0.0951
SUNP.IN,SUN.NS,NSI-MAIN,India Standard Time,9:50:00,0.1067
SUNP.IN,SUN.NS,NSI-MAIN,India Standard Time,9:55:00,0.1164
SUNP.IN,SUN.NS,NSI-MAIN,India Standard Time,10:00:00,0.1259
SUNP.IN,SUN.NS,NSI-MAIN,India Standard Time,10:05:00,0.1364
SUNP.IN,SUN.NS,NSI-MAIN,India Standard Time,10:10:00,0.1454
SUNP.IN,SUN.NS,NSI-MAIN,India Standard Time,10:15:00,0.1539
SUNP.IN,SUN.NS,NSI-MAIN,India Standard Time,10:20:00,0.1631
SUNP.IN,SUN.NS,NSI-MAIN,India Standard Time,10:25:00,0.1717
SUNP.IN,SUN.NS,NSI-MAIN,India Standard Time,10:30:00,0.1793
SUNP.IN,SUN.NS,NSI-MAIN,India Standard Time,10:35:00,0.1872
SUNP.IN,SUN.NS,NSI-MAIN,India Standard Time,10:40:00,0.1951
SUNP.IN,SUN.NS,NSI-MAIN,India Standard Time,10:45:00,0.2021
SUNP.IN,SUN.NS,NSI-MAIN,India Standard Time,10:50:00,0.2096
SUNP.IN,SUN.NS,NSI-MAIN,India Standard Time,10:55:00,0.2161
SUNP.IN,SUN.NS,NSI-MAIN,India Standard Time,11:00:00,0.2228
SUNP.IN,SUN.NS,NSI-MAIN,India Standard Time,11:05:00,0.2289
SUNP.IN,SUN.NS,NSI-MAIN,India Standard Time,11:10:00,0.2351
SUNP.IN,SUN.NS,NSI-MAIN,India Standard Time,11:15:00,0.2422
SUNP.IN,SUN.NS,NSI-MAIN,India Standard Time,11:20:00,0.2483
SUNP.IN,SUN.NS,NSI-MAIN,India Standard Time,11:25:00,0.2551
SUNP.IN,SUN.NS,NSI-MAIN,India Standard Time,11:30:00,0.2611
SUNP.IN,SUN.NS,NSI-MAIN,India Standard Time,11:35:00,0.2672
SUNP.IN,SUN.NS,NSI-MAIN,India Standard Time,11:40:00,0.2734
SUNP.IN,SUN.NS,NSI-MAIN,India Standard Time,11:45:00,0.2794
SUNP.IN,SUN.NS,NSI-MAIN,India Standard Time,11:50:00,0.2847
SUNP.IN,SUN.NS,NSI-MAIN,India Standard Time,11:55:00,0.2904
SUNP.IN,SUN.NS,NSI-MAIN,India Standard Time,12:00:00,0.2962
SUNP.IN,SUN.NS,NSI-MAIN,India Standard Time,12:05:00,0.3014
SUNP.IN,SUN.NS,NSI-MAIN,India Standard Time,12:10:00,0.3065
SUNP.IN,SUN.NS,NSI-MAIN,India Standard Time,12:15:00,0.3125
SUNP.IN,SUN.NS,NSI-MAIN,India Standard Time,12:20:00,0.3182
SUNP.IN,SUN.NS,NSI-MAIN,India Standard Time,12:25:00,0.3235
SUNP.IN,SUN.NS,NSI-MAIN,India Standard Time,12:30:00,0.3293
SUNP.IN,SUN.NS,NSI-MAIN,India Standard Time,12:35:00,0.3348
SUNP.IN,SUN.NS,NSI-MAIN,India Standard Time,12:40:00,0.3412
SUNP.IN,SUN.NS,NSI-MAIN,India Standard Time,12:45:00,0.3473
SUNP.IN,SUN.NS,NSI-MAIN,India Standard Time,12:50:00,0.3531
SUNP.IN,SUN.NS,NSI-MAIN,India Standard Time,12:55:00,0.36
SUNP.IN,SUN.NS,NSI-MAIN,India Standard Time,13:00:00,0.3662
SUNP.IN,SUN.NS,NSI-MAIN,India Standard Time,13:05:00,0.3728
SUNP.IN,SUN.NS,NSI-MAIN,India Standard Time,13:10:00,0.3793
SUNP.IN,SUN.NS,NSI-MAIN,India Standard Time,13:15:00,0.3871
SUNP.IN,SUN.NS,NSI-MAIN,India Standard Time,13:20:00,0.3942
SUNP.IN,SUN.NS,NSI-MAIN,India Standard Time,13:25:00,0.4023
SUNP.IN,SUN.NS,NSI-MAIN,India Standard Time,13:30:00,0.41
SUNP.IN,SUN.NS,NSI-MAIN,India Standard Time,13:35:00,0.4186
SUNP.IN,SUN.NS,NSI-MAIN,India Standard Time,13:40:00,0.428
SUNP.IN,SUN.NS,NSI-MAIN,India Standard Time,13:45:00,0.4374
SUNP.IN,SUN.NS,NSI-MAIN,India Standard Time,13:50:00,0.4472
SUNP.IN,SUN.NS,NSI-MAIN,India Standard Time,13:55:00,0.4574
SUNP.IN,SUN.NS,NSI-MAIN,India Standard Time,14:00:00,0.4679
SUNP.IN,SUN.NS,NSI-MAIN,India Standard Time,14:05:00,0.4793
SUNP.IN,SUN.NS,NSI-MAIN,India Standard Time,14:10:00,0.49
SUNP.IN,SUN.NS,NSI-MAIN,India Standard Time,14:15:00,0.5022
SUNP.IN,SUN.NS,NSI-MAIN,India Standard Time,14:20:00,0.5143
SUNP.IN,SUN.NS,NSI-MAIN,India Standard Time,14:25:00,0.5288
SUNP.IN,SUN.NS,NSI-MAIN,India Standard Time,14:30:00,0.5442
SUNP.IN,SUN.NS,NSI-MAIN,India Standard Time,14:35:00,0.5578
SUNP.IN,SUN.NS,NSI-MAIN,India Standard Time,14:40:00,0.5723
SUNP.IN,SUN.NS,NSI-MAIN,India Standard Time,14:45:00,0.5895
SUNP.IN,SUN.NS,NSI-MAIN,India Standard Time,14:50:00,0.6073
SUNP.IN,SUN.NS,NSI-MAIN,India Standard Time,14:55:00,0.624
SUNP.IN,SUN.NS,NSI-MAIN,India Standard Time,15:00:00,0.6444
SUNP.IN,SUN.NS,NSI-MAIN,India Standard Time,15:05:00,0.667
SUNP.IN,SUN.NS,NSI-MAIN,India Standard Time,15:10:00,0.6887
SUNP.IN,SUN.NS,NSI-MAIN,India Standard Time,15:15:00,0.7115
SUNP.IN,SUN.NS,NSI-MAIN,India Standard Time,15:20:00,0.7368
SUNP.IN,SUN.NS,NSI-MAIN,India Standard Time,15:25:00,0.7658
SUNP.IN,SUN.NS,NSI-MAIN,India Standard Time,15:30:00,1
BAF.IN,BJFN.NS,NSI-MAIN,India Standard Time,0:00:00,0
BAF.IN,BJFN.NS,NSI-MAIN,India Standard Time,9:00:00,0
BAF.IN,BJFN.NS,NSI-MAIN,India Standard Time,9:15:00,0.0299
BAF.IN,BJFN.NS,NSI-MAIN,India Standard Time,9:20:00,0.0528
BAF.IN,BJFN.NS,NSI-MAIN,India Standard Time,9:25:00,0.0782
BAF.IN,BJFN.NS,NSI-MAIN,India Standard Time,9:30:00,0.101
BAF.IN,BJFN.NS,NSI-MAIN,India Standard Time,9:35:00,0.1231
BAF.IN,BJFN.NS,NSI-MAIN,India Standard Time,9:40:00,0.1444
BAF.IN,BJFN.NS,NSI-MAIN,India Standard Time,9:45:00,0.1617
BAF.IN,BJFN.NS,NSI-MAIN,India Standard Time,9:50:00,0.1783
BAF.IN,BJFN.NS,NSI-MAIN,India Standard Time,9:55:00,0.1953
BAF.IN,BJFN.NS,NSI-MAIN,India Standard Time,10:00:00,0.21
BAF.IN,BJFN.NS,NSI-MAIN,India Standard Time,10:05:00,0.2239
BAF.IN,BJFN.NS,NSI-MAIN,India Standard Time,10:10:00,0.2371
BAF.IN,BJFN.NS,NSI-MAIN,India Standard Time,10:15:00,0.2514
BAF.IN,BJFN.NS,NSI-MAIN,India Standard Time,10:20:00,0.265
BAF.IN,BJFN.NS,NSI-MAIN,India Standard Time,10:25:00,0.2779
BAF.IN,BJFN.NS,NSI-MAIN,India Standard Time,10:30:00,0.289
BAF.IN,BJFN.NS,NSI-MAIN,India Standard Time,10:35:00,0.3012
BAF.IN,BJFN.NS,NSI-MAIN,India Standard Time,10:40:00,0.3121
BAF.IN,BJFN.NS,NSI-MAIN,India Standard Time,10:45:00,0.322
BAF.IN,BJFN.NS,NSI-MAIN,India Standard Time,10:50:00,0.332
BAF.IN,BJFN.NS,NSI-MAIN,India Standard Time,10:55:00,0.3416
BAF.IN,BJFN.NS,NSI-MAIN,India Standard Time,11:00:00,0.3503
BAF.IN,BJFN.NS,NSI-MAIN,India Standard Time,11:05:00,0.3596
BAF.IN,BJFN.NS,NSI-MAIN,India Standard Time,11:10:00,0.3683
BAF.IN,BJFN.NS,NSI-MAIN,India Standard Time,11:15:00,0.3771
BAF.IN,BJFN.NS,NSI-MAIN,India Standard Time,11:20:00,0.3863
BAF.IN,BJFN.NS,NSI-MAIN,India Standard Time,11:25:00,0.3947
BAF.IN,BJFN.NS,NSI-MAIN,India Standard Time,11:30:00,0.4026
BAF.IN,BJFN.NS,NSI-MAIN,India Standard Time,11:35:00,0.411
BAF.IN,BJFN.NS,NSI-MAIN,India Standard Time,11:40:00,0.4194
BAF.IN,BJFN.NS,NSI-MAIN,India Standard Time,11:45:00,0.4269
BAF.IN,BJFN.NS,NSI-MAIN,India Standard Time,11:50:00,0.4349
BAF.IN,BJFN.NS,NSI-MAIN,India Standard Time,11:55:00,0.4414
BAF.IN,BJFN.NS,NSI-MAIN,India Standard Time,12:00:00,0.4481
BAF.IN,BJFN.NS,NSI-MAIN,India Standard Time,12:05:00,0.4547
BAF.IN,BJFN.NS,NSI-MAIN,India Standard Time,12:10:00,0.4623
BAF.IN,BJFN.NS,NSI-MAIN,India Standard Time,12:15:00,0.4696
BAF.IN,BJFN.NS,NSI-MAIN,India Standard Time,12:20:00,0.4768
BAF.IN,BJFN.NS,NSI-MAIN,India Standard Time,12:25:00,0.4835
BAF.IN,BJFN.NS,NSI-MAIN,India Standard Time,12:30:00,0.4906
BAF.IN,BJFN.NS,NSI-MAIN,India Standard Time,12:35:00,0.4982
BAF.IN,BJFN.NS,NSI-MAIN,India Standard Time,12:40:00,0.5048
BAF.IN,BJFN.NS,NSI-MAIN,India Standard Time,12:45:00,0.5115
BAF.IN,BJFN.NS,NSI-MAIN,India Standard Time,12:50:00,0.5182
BAF.IN,BJFN.NS,NSI-MAIN,India Standard Time,12:55:00,0.5257
BAF.IN,BJFN.NS,NSI-MAIN,India Standard Time,13:00:00,0.5339
BAF.IN,BJFN.NS,NSI-MAIN,India Standard Time,13:05:00,0.5419
BAF.IN,BJFN.NS,NSI-MAIN,India Standard Time,13:10:00,0.5498
BAF.IN,BJFN.NS,NSI-MAIN,India Standard Time,13:15:00,0.5581
BAF.IN,BJFN.NS,NSI-MAIN,India Standard Time,13:20:00,0.566
BAF.IN,BJFN.NS,NSI-MAIN,India Standard Time,13:25:00,0.5756
BAF.IN,BJFN.NS,NSI-MAIN,India Standard Time,13:30:00,0.5843
BAF.IN,BJFN.NS,NSI-MAIN,India Standard Time,13:35:00,0.593
BAF.IN,BJFN.NS,NSI-MAIN,India Standard Time,13:40:00,0.6022
BAF.IN,BJFN.NS,NSI-MAIN,India Standard Time,13:45:00,0.6126
BAF.IN,BJFN.NS,NSI-MAIN,India Standard Time,13:50:00,0.6224
BAF.IN,BJFN.NS,NSI-MAIN,India Standard Time,13:55:00,0.6336
BAF.IN,BJFN.NS,NSI-MAIN,India Standard Time,14:00:00,0.644
BAF.IN,BJFN.NS,NSI-MAIN,India Standard Time,14:05:00,0.655
BAF.IN,BJFN.NS,NSI-MAIN,India Standard Time,14:10:00,0.6655
BAF.IN,BJFN.NS,NSI-MAIN,India Standard Time,14:15:00,0.6783
BAF.IN,BJFN.NS,NSI-MAIN,India Standard Time,14:20:00,0.6914
BAF.IN,BJFN.NS,NSI-MAIN,India Standard Time,14:25:00,0.704
BAF.IN,BJFN.NS,NSI-MAIN,India Standard Time,14:30:00,0.7163
BAF.IN,BJFN.NS,NSI-MAIN,India Standard Time,14:35:00,0.73
BAF.IN,BJFN.NS,NSI-MAIN,India Standard Time,14:40:00,0.7439
BAF.IN,BJFN.NS,NSI-MAIN,India Standard Time,14:45:00,0.7598
BAF.IN,BJFN.NS,NSI-MAIN,India Standard Time,14:50:00,0.7767
BAF.IN,BJFN.NS,NSI-MAIN,India Standard Time,14:55:00,0.7937
BAF.IN,BJFN.NS,NSI-MAIN,India Standard Time,15:00:00,0.81
BAF.IN,BJFN.NS,NSI-MAIN,India Standard Time,15:05:00,0.8262
BAF.IN,BJFN.NS,NSI-MAIN,India Standard Time,15:10:00,0.8464
BAF.IN,BJFN.NS,NSI-MAIN,India Standard Time,15:15:00,0.8679
BAF.IN,BJFN.NS,NSI-MAIN,India Standard Time,15:20:00,0.8872
BAF.IN,BJFN.NS,NSI-MAIN,India Standard Time,15:25:00,0.9091
BAF.IN,BJFN.NS,NSI-MAIN,India Standard Time,15:30:00,1
ASIANP.IN,ASPN.NS,NSI-MAIN,India Standard Time,0:00:00,0
ASIANP.IN,ASPN.NS,NSI-MAIN,India Standard Time,9:00:00,0
ASIANP.IN,ASPN.NS,NSI-MAIN,India Standard Time,9:15:00,0.0201
ASIANP.IN,ASPN.NS,NSI-MAIN,India Standard Time,9:20:00,0.04
ASIANP.IN,ASPN.NS,NSI-MAIN,India Standard Time,9:25:00,0.0571
ASIANP.IN,ASPN.NS,NSI-MAIN,India Standard Time,9:30:00,0.0745
ASIANP.IN,ASPN.NS,NSI-MAIN,India Standard Time,9:35:00,0.0889
ASIANP.IN,ASPN.NS,NSI-MAIN,India Standard Time,9:40:00,0.1033
ASIANP.IN,ASPN.NS,NSI-MAIN,India Standard Time,9:45:00,0.1171
ASIANP.IN,ASPN.NS,NSI-MAIN,India Standard Time,9:50:00,0.1297
ASIANP.IN,ASPN.NS,NSI-MAIN,India Standard Time,9:55:00,0.1433
ASIANP.IN,ASPN.NS,NSI-MAIN,India Standard Time,10:00:00,0.1551
ASIANP.IN,ASPN.NS,NSI-MAIN,India Standard Time,10:05:00,0.1675
ASIANP.IN,ASPN.NS,NSI-MAIN,India Standard Time,10:10:00,0.1798
ASIANP.IN,ASPN.NS,NSI-MAIN,India Standard Time,10:15:00,0.1901
ASIANP.IN,ASPN.NS,NSI-MAIN,India Standard Time,10:20:00,0.2014
ASIANP.IN,ASPN.NS,NSI-MAIN,India Standard Time,10:25:00,0.212
ASIANP.IN,ASPN.NS,NSI-MAIN,India Standard Time,10:30:00,0.222
ASIANP.IN,ASPN.NS,NSI-MAIN,India Standard Time,10:35:00,0.2305
ASIANP.IN,ASPN.NS,NSI-MAIN,India Standard Time,10:40:00,0.2394
ASIANP.IN,ASPN.NS,NSI-MAIN,India Standard Time,10:45:00,0.2484
ASIANP.IN,ASPN.NS,NSI-MAIN,India Standard Time,10:50:00,0.2565
ASIANP.IN,ASPN.NS,NSI-MAIN,India Standard Time,10:55:00,0.2643
ASIANP.IN,ASPN.NS,NSI-MAIN,India Standard Time,11:00:00,0.272
ASIANP.IN,ASPN.NS,NSI-MAIN,India Standard Time,11:05:00,0.2793
ASIANP.IN,ASPN.NS,NSI-MAIN,India Standard Time,11:10:00,0.2873
ASIANP.IN,ASPN.NS,NSI-MAIN,India Standard Time,11:15:00,0.2943
ASIANP.IN,ASPN.NS,NSI-MAIN,India Standard Time,11:20:00,0.3013
ASIANP.IN,ASPN.NS,NSI-MAIN,India Standard Time,11:25:00,0.3084
ASIANP.IN,ASPN.NS,NSI-MAIN,India Standard Time,11:30:00,0.3157
ASIANP.IN,ASPN.NS,NSI-MAIN,India Standard Time,11:35:00,0.322
ASIANP.IN,ASPN.NS,NSI-MAIN,India Standard Time,11:40:00,0.3278
ASIANP.IN,ASPN.NS,NSI-MAIN,India Standard Time,11:45:00,0.3347
ASIANP.IN,ASPN.NS,NSI-MAIN,India Standard Time,11:50:00,0.3413
ASIANP.IN,ASPN.NS,NSI-MAIN,India Standard Time,11:55:00,0.3477
ASIANP.IN,ASPN.NS,NSI-MAIN,India Standard Time,12:00:00,0.3537
ASIANP.IN,ASPN.NS,NSI-MAIN,India Standard Time,12:05:00,0.3593
ASIANP.IN,ASPN.NS,NSI-MAIN,India Standard Time,12:10:00,0.3647
ASIANP.IN,ASPN.NS,NSI-MAIN,India Standard Time,12:15:00,0.3704
ASIANP.IN,ASPN.NS,NSI-MAIN,India Standard Time,12:20:00,0.3763
ASIANP.IN,ASPN.NS,NSI-MAIN,India Standard Time,12:25:00,0.3817
ASIANP.IN,ASPN.NS,NSI-MAIN,India Standard Time,12:30:00,0.388
ASIANP.IN,ASPN.NS,NSI-MAIN,India Standard Time,12:35:00,0.3944
ASIANP.IN,ASPN.NS,NSI-MAIN,India Standard Time,12:40:00,0.4001
ASIANP.IN,ASPN.NS,NSI-MAIN,India Standard Time,12:45:00,0.407
ASIANP.IN,ASPN.NS,NSI-MAIN,India Standard Time,12:50:00,0.4136
ASIANP.IN,ASPN.NS,NSI-MAIN,India Standard Time,12:55:00,0.421
ASIANP.IN,ASPN.NS,NSI-MAIN,India Standard Time,13:00:00,0.428
ASIANP.IN,ASPN.NS,NSI-MAIN,India Standard Time,13:05:00,0.4358
ASIANP.IN,ASPN.NS,NSI-MAIN,India Standard Time,13:10:00,0.4433
ASIANP.IN,ASPN.NS,NSI-MAIN,India Standard Time,13:15:00,0.4514
ASIANP.IN,ASPN.NS,NSI-MAIN,India Standard Time,13:20:00,0.4596
ASIANP.IN,ASPN.NS,NSI-MAIN,India Standard Time,13:25:00,0.4673
ASIANP.IN,ASPN.NS,NSI-MAIN,India Standard Time,13:30:00,0.4756
ASIANP.IN,ASPN.NS,NSI-MAIN,India Standard Time,13:35:00,0.4843
ASIANP.IN,ASPN.NS,NSI-MAIN,India Standard Time,13:40:00,0.4938
ASIANP.IN,ASPN.NS,NSI-MAIN,India Standard Time,13:45:00,0.5036
ASIANP.IN,ASPN.NS,NSI-MAIN,India Standard Time,13:50:00,0.5142
ASIANP.IN,ASPN.NS,NSI-MAIN,India Standard Time,13:55:00,0.5254
ASIANP.IN,ASPN.NS,NSI-MAIN,India Standard Time,14:00:00,0.5366
ASIANP.IN,ASPN.NS,NSI-MAIN,India Standard Time,14:05:00,0.5481
ASIANP.IN,ASPN.NS,NSI-MAIN,India Standard Time,14:10:00,0.5605
ASIANP.IN,ASPN.NS,NSI-MAIN,India Standard Time,14:15:00,0.5747
ASIANP.IN,ASPN.NS,NSI-MAIN,India Standard Time,14:20:00,0.589
ASIANP.IN,ASPN.NS,NSI-MAIN,India Standard Time,14:25:00,0.6037
ASIANP.IN,ASPN.NS,NSI-MAIN,India Standard Time,14:30:00,0.6196
ASIANP.IN,ASPN.NS,NSI-MAIN,India Standard Time,14:35:00,0.6344
ASIANP.IN,ASPN.NS,NSI-MAIN,India Standard Time,14:40:00,0.6495
ASIANP.IN,ASPN.NS,NSI-MAIN,India Standard Time,14:45:00,0.6654
ASIANP.IN,ASPN.NS,NSI-MAIN,India Standard Time,14:50:00,0.6822
ASIANP.IN,ASPN.NS,NSI-MAIN,India Standard Time,14:55:00,0.6996
ASIANP.IN,ASPN.NS,NSI-MAIN,India Standard Time,15:00:00,0.7204
ASIANP.IN,ASPN.NS,NSI-MAIN,India Standard Time,15:05:00,0.7437
ASIANP.IN,ASPN.NS,NSI-MAIN,India Standard Time,15:10:00,0.7647
ASIANP.IN,ASPN.NS,NSI-MAIN,India Standard Time,15:15:00,0.7897
ASIANP.IN,ASPN.NS,NSI-MAIN,India Standard Time,15:20:00,0.8177
ASIANP.IN,ASPN.NS,NSI-MAIN,India Standard Time,15:25:00,0.8464
ASIANP.IN,ASPN.NS,NSI-MAIN,India Standard Time,15:30:00,1
NEST.IN,NEST.NS,NSI-MAIN,India Standard Time,0:00:00,0
NEST.IN,NEST.NS,NSI-MAIN,India Standard Time,9:00:00,0
NEST.IN,NEST.NS,NSI-MAIN,India Standard Time,9:15:00,0.0202
NEST.IN,NEST.NS,NSI-MAIN,India Standard Time,9:20:00,0.0388
NEST.IN,NEST.NS,NSI-MAIN,India Standard Time,9:25:00,0.056
NEST.IN,NEST.NS,NSI-MAIN,India Standard Time,9:30:00,0.0705
NEST.IN,NEST.NS,NSI-MAIN,India Standard Time,9:35:00,0.0839
NEST.IN,NEST.NS,NSI-MAIN,India Standard Time,9:40:00,0.0975
NEST.IN,NEST.NS,NSI-MAIN,India Standard Time,9:45:00,0.1113
NEST.IN,NEST.NS,NSI-MAIN,India Standard Time,9:50:00,0.1232
NEST.IN,NEST.NS,NSI-MAIN,India Standard Time,9:55:00,0.1351
NEST.IN,NEST.NS,NSI-MAIN,India Standard Time,10:00:00,0.146
NEST.IN,NEST.NS,NSI-MAIN,India Standard Time,10:05:00,0.1576
NEST.IN,NEST.NS,NSI-MAIN,India Standard Time,10:10:00,0.1689
NEST.IN,NEST.NS,NSI-MAIN,India Standard Time,10:15:00,0.1787
NEST.IN,NEST.NS,NSI-MAIN,India Standard Time,10:20:00,0.1892
NEST.IN,NEST.NS,NSI-MAIN,India Standard Time,10:25:00,0.1976
NEST.IN,NEST.NS,NSI-MAIN,India Standard Time,10:30:00,0.2071
NEST.IN,NEST.NS,NSI-MAIN,India Standard Time,10:35:00,0.2164
NEST.IN,NEST.NS,NSI-MAIN,India Standard Time,10:40:00,0.2242
NEST.IN,NEST.NS,NSI-MAIN,India Standard Time,10:45:00,0.2327
NEST.IN,NEST.NS,NSI-MAIN,India Standard Time,10:50:00,0.2408
NEST.IN,NEST.NS,NSI-MAIN,India Standard Time,10:55:00,0.2492
NEST.IN,NEST.NS,NSI-MAIN,India Standard Time,11:00:00,0.2563
NEST.IN,NEST.NS,NSI-MAIN,India Standard Time,11:05:00,0.2638
NEST.IN,NEST.NS,NSI-MAIN,India Standard Time,11:10:00,0.2716
NEST.IN,NEST.NS,NSI-MAIN,India Standard Time,11:15:00,0.2788
NEST.IN,NEST.NS,NSI-MAIN,India Standard Time,11:20:00,0.2855
NEST.IN,NEST.NS,NSI-MAIN,India Standard Time,11:25:00,0.2918
NEST.IN,NEST.NS,NSI-MAIN,India Standard Time,11:30:00,0.2991
NEST.IN,NEST.NS,NSI-MAIN,India Standard Time,11:35:00,0.3058
NEST.IN,NEST.NS,NSI-MAIN,India Standard Time,11:40:00,0.313
NEST.IN,NEST.NS,NSI-MAIN,India Standard Time,11:45:00,0.319
NEST.IN,NEST.NS,NSI-MAIN,India Standard Time,11:50:00,0.3258
NEST.IN,NEST.NS,NSI-MAIN,India Standard Time,11:55:00,0.3327
NEST.IN,NEST.NS,NSI-MAIN,India Standard Time,12:00:00,0.3396
NEST.IN,NEST.NS,NSI-MAIN,India Standard Time,12:05:00,0.3453
NEST.IN,NEST.NS,NSI-MAIN,India Standard Time,12:10:00,0.3516
NEST.IN,NEST.NS,NSI-MAIN,India Standard Time,12:15:00,0.3574
NEST.IN,NEST.NS,NSI-MAIN,India Standard Time,12:20:00,0.3642
NEST.IN,NEST.NS,NSI-MAIN,India Standard Time,12:25:00,0.3705
NEST.IN,NEST.NS,NSI-MAIN,India Standard Time,12:30:00,0.3777
NEST.IN,NEST.NS,NSI-MAIN,India Standard Time,12:35:00,0.3842
NEST.IN,NEST.NS,NSI-MAIN,India Standard Time,12:40:00,0.3914
NEST.IN,NEST.NS,NSI-MAIN,India Standard Time,12:45:00,0.3989
NEST.IN,NEST.NS,NSI-MAIN,India Standard Time,12:50:00,0.4056
NEST.IN,NEST.NS,NSI-MAIN,India Standard Time,12:55:00,0.4129
NEST.IN,NEST.NS,NSI-MAIN,India Standard Time,13:00:00,0.4211
NEST.IN,NEST.NS,NSI-MAIN,India Standard Time,13:05:00,0.4288
NEST.IN,NEST.NS,NSI-MAIN,India Standard Time,13:10:00,0.4365
NEST.IN,NEST.NS,NSI-MAIN,India Standard Time,13:15:00,0.4443
NEST.IN,NEST.NS,NSI-MAIN,India Standard Time,13:20:00,0.4532
NEST.IN,NEST.NS,NSI-MAIN,India Standard Time,13:25:00,0.4614
NEST.IN,NEST.NS,NSI-MAIN,India Standard Time,13:30:00,0.4706
NEST.IN,NEST.NS,NSI-MAIN,India Standard Time,13:35:00,0.4801
NEST.IN,NEST.NS,NSI-MAIN,India Standard Time,13:40:00,0.4899
NEST.IN,NEST.NS,NSI-MAIN,India Standard Time,13:45:00,0.4992
NEST.IN,NEST.NS,NSI-MAIN,India Standard Time,13:50:00,0.5101
NEST.IN,NEST.NS,NSI-MAIN,India Standard Time,13:55:00,0.5219
NEST.IN,NEST.NS,NSI-MAIN,India Standard Time,14:00:00,0.5329
NEST.IN,NEST.NS,NSI-MAIN,India Standard Time,14:05:00,0.5444
NEST.IN,NEST.NS,NSI-MAIN,India Standard Time,14:10:00,0.5579
NEST.IN,NEST.NS,NSI-MAIN,India Standard Time,14:15:00,0.5712
NEST.IN,NEST.NS,NSI-MAIN,India Standard Time,14:20:00,0.5842
NEST.IN,NEST.NS,NSI-MAIN,India Standard Time,14:25:00,0.5972
NEST.IN,NEST.NS,NSI-MAIN,India Standard Time,14:30:00,0.613
NEST.IN,NEST.NS,NSI-MAIN,India Standard Time,14:35:00,0.6284
NEST.IN,NEST.NS,NSI-MAIN,India Standard Time,14:40:00,0.6451
NEST.IN,NEST.NS,NSI-MAIN,India Standard Time,14:45:00,0.662
NEST.IN,NEST.NS,NSI-MAIN,India Standard Time,14:50:00,0.6812
NEST.IN,NEST.NS,NSI-MAIN,India Standard Time,14:55:00,0.7019
NEST.IN,NEST.NS,NSI-MAIN,India Standard Time,15:00:00,0.7221
NEST.IN,NEST.NS,NSI-MAIN,India Standard Time,15:05:00,0.7425
NEST.IN,NEST.NS,NSI-MAIN,India Standard Time,15:10:00,0.7685
NEST.IN,NEST.NS,NSI-MAIN,India Standard Time,15:15:00,0.7958
NEST.IN,NEST.NS,NSI-MAIN,India Standard Time,15:20:00,0.8202
NEST.IN,NEST.NS,NSI-MAIN,India Standard Time,15:25:00,0.8492
NEST.IN,NEST.NS,NSI-MAIN,India Standard Time,15:30:00,1
TATAMOTORS.IN,TAMO.NS,NSI-MAIN,India Standard Time,0:00:00,0
TATAMOTORS.IN,TAMO.NS,NSI-MAIN,India Standard Time,9:00:00,0
TATAMOTORS.IN,TAMO.NS,NSI-MAIN,India Standard Time,9:15:00,0.0191
TATAMOTORS.IN,TAMO.NS,NSI-MAIN,India Standard Time,9:20:00,0.0369
TATAMOTORS.IN,TAMO.NS,NSI-MAIN,India Standard Time,9:25:00,0.0537
TATAMOTORS.IN,TAMO.NS,NSI-MAIN,India Standard Time,9:30:00,0.0694
TATAMOTORS.IN,TAMO.NS,NSI-MAIN,India Standard Time,9:35:00,0.0837
TATAMOTORS.IN,TAMO.NS,NSI-MAIN,India Standard Time,9:40:00,0.0972
TATAMOTORS.IN,TAMO.NS,NSI-MAIN,India Standard Time,9:45:00,0.1112
TATAMOTORS.IN,TAMO.NS,NSI-MAIN,India Standard Time,9:50:00,0.1236
TATAMOTORS.IN,TAMO.NS,NSI-MAIN,India Standard Time,9:55:00,0.1363
TATAMOTORS.IN,TAMO.NS,NSI-MAIN,India Standard Time,10:00:00,0.1486
TATAMOTORS.IN,TAMO.NS,NSI-MAIN,India Standard Time,10:05:00,0.1607
TATAMOTORS.IN,TAMO.NS,NSI-MAIN,India Standard Time,10:10:00,0.1724
TATAMOTORS.IN,TAMO.NS,NSI-MAIN,India Standard Time,10:15:00,0.1822
TATAMOTORS.IN,TAMO.NS,NSI-MAIN,India Standard Time,10:20:00,0.1917
TATAMOTORS.IN,TAMO.NS,NSI-MAIN,India Standard Time,10:25:00,0.2018
TATAMOTORS.IN,TAMO.NS,NSI-MAIN,India Standard Time,10:30:00,0.2112
TATAMOTORS.IN,TAMO.NS,NSI-MAIN,India Standard Time,10:35:00,0.2197
TATAMOTORS.IN,TAMO.NS,NSI-MAIN,India Standard Time,10:40:00,0.2288
TATAMOTORS.IN,TAMO.NS,NSI-MAIN,India Standard Time,10:45:00,0.2379
TATAMOTORS.IN,TAMO.NS,NSI-MAIN,India Standard Time,10:50:00,0.2466
TATAMOTORS.IN,TAMO.NS,NSI-MAIN,India Standard Time,10:55:00,0.2541
TATAMOTORS.IN,TAMO.NS,NSI-MAIN,India Standard Time,11:00:00,0.2615
TATAMOTORS.IN,TAMO.NS,NSI-MAIN,India Standard Time,11:05:00,0.2683
TATAMOTORS.IN,TAMO.NS,NSI-MAIN,India Standard Time,11:10:00,0.2763
TATAMOTORS.IN,TAMO.NS,NSI-MAIN,India Standard Time,11:15:00,0.283
TATAMOTORS.IN,TAMO.NS,NSI-MAIN,India Standard Time,11:20:00,0.2902
TATAMOTORS.IN,TAMO.NS,NSI-MAIN,India Standard Time,11:25:00,0.2969
TATAMOTORS.IN,TAMO.NS,NSI-MAIN,India Standard Time,11:30:00,0.3036
TATAMOTORS.IN,TAMO.NS,NSI-MAIN,India Standard Time,11:35:00,0.31
TATAMOTORS.IN,TAMO.NS,NSI-MAIN,India Standard Time,11:40:00,0.3166
TATAMOTORS.IN,TAMO.NS,NSI-MAIN,India Standard Time,11:45:00,0.3228
TATAMOTORS.IN,TAMO.NS,NSI-MAIN,India Standard Time,11:50:00,0.3285
TATAMOTORS.IN,TAMO.NS,NSI-MAIN,India Standard Time,11:55:00,0.334
TATAMOTORS.IN,TAMO.NS,NSI-MAIN,India Standard Time,12:00:00,0.3398
TATAMOTORS.IN,TAMO.NS,NSI-MAIN,India Standard Time,12:05:00,0.346
TATAMOTORS.IN,TAMO.NS,NSI-MAIN,India Standard Time,12:10:00,0.3513
TATAMOTORS.IN,TAMO.NS,NSI-MAIN,India Standard Time,12:15:00,0.3573
TATAMOTORS.IN,TAMO.NS,NSI-MAIN,India Standard Time,12:20:00,0.3632
TATAMOTORS.IN,TAMO.NS,NSI-MAIN,India Standard Time,12:25:00,0.3687
TATAMOTORS.IN,TAMO.NS,NSI-MAIN,India Standard Time,12:30:00,0.3743
TATAMOTORS.IN,TAMO.NS,NSI-MAIN,India Standard Time,12:35:00,0.3806
TATAMOTORS.IN,TAMO.NS,NSI-MAIN,India Standard Time,12:40:00,0.3867
TATAMOTORS.IN,TAMO.NS,NSI-MAIN,India Standard Time,12:45:00,0.393
TATAMOTORS.IN,TAMO.NS,NSI-MAIN,India Standard Time,12:50:00,0.3996
TATAMOTORS.IN,TAMO.NS,NSI-MAIN,India Standard Time,12:55:00,0.4059
TATAMOTORS.IN,TAMO.NS,NSI-MAIN,India Standard Time,13:00:00,0.4133
TATAMOTORS.IN,TAMO.NS,NSI-MAIN,India Standard Time,13:05:00,0.4208
TATAMOTORS.IN,TAMO.NS,NSI-MAIN,India Standard Time,13:10:00,0.4286
TATAMOTORS.IN,TAMO.NS,NSI-MAIN,India Standard Time,13:15:00,0.4364
TATAMOTORS.IN,TAMO.NS,NSI-MAIN,India Standard Time,13:20:00,0.4453
TATAMOTORS.IN,TAMO.NS,NSI-MAIN,India Standard Time,13:25:00,0.4546
TATAMOTORS.IN,TAMO.NS,NSI-MAIN,India Standard Time,13:30:00,0.4638
TATAMOTORS.IN,TAMO.NS,NSI-MAIN,India Standard Time,13:35:00,0.4726
TATAMOTORS.IN,TAMO.NS,NSI-MAIN,India Standard Time,13:40:00,0.4819
TATAMOTORS.IN,TAMO.NS,NSI-MAIN,India Standard Time,13:45:00,0.4916
TATAMOTORS.IN,TAMO.NS,NSI-MAIN,India Standard Time,13:50:00,0.5015
TATAMOTORS.IN,TAMO.NS,NSI-MAIN,India Standard Time,13:55:00,0.5133
TATAMOTORS.IN,TAMO.NS,NSI-MAIN,India Standard Time,14:00:00,0.5253
TATAMOTORS.IN,TAMO.NS,NSI-MAIN,India Standard Time,14:05:00,0.5371
TATAMOTORS.IN,TAMO.NS,NSI-MAIN,India Standard Time,14:10:00,0.5513
TATAMOTORS.IN,TAMO.NS,NSI-MAIN,India Standard Time,14:15:00,0.5654
TATAMOTORS.IN,TAMO.NS,NSI-MAIN,India Standard Time,14:20:00,0.5806
TATAMOTORS.IN,TAMO.NS,NSI-MAIN,India Standard Time,14:25:00,0.5967
TATAMOTORS.IN,TAMO.NS,NSI-MAIN,India Standard Time,14:30:00,0.6132
TATAMOTORS.IN,TAMO.NS,NSI-MAIN,India Standard Time,14:35:00,0.63
TATAMOTORS.IN,TAMO.NS,NSI-MAIN,India Standard Time,14:40:00,0.6493
TATAMOTORS.IN,TAMO.NS,NSI-MAIN,India Standard Time,14:45:00,0.6665
TATAMOTORS.IN,TAMO.NS,NSI-MAIN,India Standard Time,14:50:00,0.6869
TATAMOTORS.IN,TAMO.NS,NSI-MAIN,India Standard Time,14:55:00,0.7093
TATAMOTORS.IN,TAMO.NS,NSI-MAIN,India Standard Time,15:00:00,0.7312
TATAMOTORS.IN,TAMO.NS,NSI-MAIN,India Standard Time,15:05:00,0.756
TATAMOTORS.IN,TAMO.NS,NSI-MAIN,India Standard Time,15:10:00,0.7792
TATAMOTORS.IN,TAMO.NS,NSI-MAIN,India Standard Time,15:15:00,0.8051
TATAMOTORS.IN,TAMO.NS,NSI-MAIN,India Standard Time,15:20:00,0.8318
TATAMOTORS.IN,TAMO.NS,NSI-MAIN,India Standard Time,15:25:00,0.8611
TATAMOTORS.IN,TAMO.NS,NSI-MAIN,India Standard Time,15:30:00,1
WPRO.IN,WIPR.NS,NSI-MAIN,India Standard Time,0:00:00,0
WPRO.IN,WIPR.NS,NSI-MAIN,India Standard Time,9:00:00,0
WPRO.IN,WIPR.NS,NSI-MAIN,India Standard Time,9:15:00,0.0199
WPRO.IN,WIPR.NS,NSI-MAIN,India Standard Time,9:20:00,0.0408
WPRO.IN,WIPR.NS,NSI-MAIN,India Standard Time,9:25:00,0.0577
WPRO.IN,WIPR.NS,NSI-MAIN,India Standard Time,9:30:00,0.0732
WPRO.IN,WIPR.NS,NSI-MAIN,India Standard Time,9:35:00,0.088
WPRO.IN,WIPR.NS,NSI-MAIN,India Standard Time,9:40:00,0.102
WPRO.IN,WIPR.NS,NSI-MAIN,India Standard Time,9:45:00,0.1154
WPRO.IN,WIPR.NS,NSI-MAIN,India Standard Time,9:50:00,0.1279
WPRO.IN,WIPR.NS,NSI-MAIN,India Standard Time,9:55:00,0.1393
WPRO.IN,WIPR.NS,NSI-MAIN,India Standard Time,10:00:00,0.1508
WPRO.IN,WIPR.NS,NSI-MAIN,India Standard Time,10:05:00,0.1616
WPRO.IN,WIPR.NS,NSI-MAIN,India Standard Time,10:10:00,0.1725
WPRO.IN,WIPR.NS,NSI-MAIN,India Standard Time,10:15:00,0.1822
WPRO.IN,WIPR.NS,NSI-MAIN,India Standard Time,10:20:00,0.1912
WPRO.IN,WIPR.NS,NSI-MAIN,India Standard Time,10:25:00,0.2002
WPRO.IN,WIPR.NS,NSI-MAIN,India Standard Time,10:30:00,0.2094
WPRO.IN,WIPR.NS,NSI-MAIN,India Standard Time,10:35:00,0.218
WPRO.IN,WIPR.NS,NSI-MAIN,India Standard Time,10:40:00,0.2269
WPRO.IN,WIPR.NS,NSI-MAIN,India Standard Time,10:45:00,0.2356
WPRO.IN,WIPR.NS,NSI-MAIN,India Standard Time,10:50:00,0.2434
WPRO.IN,WIPR.NS,NSI-MAIN,India Standard Time,10:55:00,0.2505
WPRO.IN,WIPR.NS,NSI-MAIN,India Standard Time,11:00:00,0.2584
WPRO.IN,WIPR.NS,NSI-MAIN,India Standard Time,11:05:00,0.266
WPRO.IN,WIPR.NS,NSI-MAIN,India Standard Time,11:10:00,0.2729
WPRO.IN,WIPR.NS,NSI-MAIN,India Standard Time,11:15:00,0.28
WPRO.IN,WIPR.NS,NSI-MAIN,India Standard Time,11:20:00,0.2864
WPRO.IN,WIPR.NS,NSI-MAIN,India Standard Time,11:25:00,0.2934
WPRO.IN,WIPR.NS,NSI-MAIN,India Standard Time,11:30:00,0.3002
WPRO.IN,WIPR.NS,NSI-MAIN,India Standard Time,11:35:00,0.3068
WPRO.IN,WIPR.NS,NSI-MAIN,India Standard Time,11:40:00,0.3134
WPRO.IN,WIPR.NS,NSI-MAIN,India Standard Time,11:45:00,0.3191
WPRO.IN,WIPR.NS,NSI-MAIN,India Standard Time,11:50:00,0.325
WPRO.IN,WIPR.NS,NSI-MAIN,India Standard Time,11:55:00,0.331
WPRO.IN,WIPR.NS,NSI-MAIN,India Standard Time,12:00:00,0.3371
WPRO.IN,WIPR.NS,NSI-MAIN,India Standard Time,12:05:00,0.3427
WPRO.IN,WIPR.NS,NSI-MAIN,India Standard Time,12:10:00,0.348
WPRO.IN,WIPR.NS,NSI-MAIN,India Standard Time,12:15:00,0.3538
WPRO.IN,WIPR.NS,NSI-MAIN,India Standard Time,12:20:00,0.3591
WPRO.IN,WIPR.NS,NSI-MAIN,India Standard Time,12:25:00,0.3651
WPRO.IN,WIPR.NS,NSI-MAIN,India Standard Time,12:30:00,0.3704
WPRO.IN,WIPR.NS,NSI-MAIN,India Standard Time,12:35:00,0.3763
WPRO.IN,WIPR.NS,NSI-MAIN,India Standard Time,12:40:00,0.3824
WPRO.IN,WIPR.NS,NSI-MAIN,India Standard Time,12:45:00,0.3882
WPRO.IN,WIPR.NS,NSI-MAIN,India Standard Time,12:50:00,0.3946
WPRO.IN,WIPR.NS,NSI-MAIN,India Standard Time,12:55:00,0.4013
WPRO.IN,WIPR.NS,NSI-MAIN,India Standard Time,13:00:00,0.408
WPRO.IN,WIPR.NS,NSI-MAIN,India Standard Time,13:05:00,0.4157
WPRO.IN,WIPR.NS,NSI-MAIN,India Standard Time,13:10:00,0.4237
WPRO.IN,WIPR.NS,NSI-MAIN,India Standard Time,13:15:00,0.432
WPRO.IN,WIPR.NS,NSI-MAIN,India Standard Time,13:20:00,0.4396
WPRO.IN,WIPR.NS,NSI-MAIN,India Standard Time,13:25:00,0.4471
WPRO.IN,WIPR.NS,NSI-MAIN,India Standard Time,13:30:00,0.4556
WPRO.IN,WIPR.NS,NSI-MAIN,India Standard Time,13:35:00,0.464
WPRO.IN,WIPR.NS,NSI-MAIN,India Standard Time,13:40:00,0.4739
WPRO.IN,WIPR.NS,NSI-MAIN,India Standard Time,13:45:00,0.4833
WPRO.IN,WIPR.NS,NSI-MAIN,India Standard Time,13:50:00,0.4929
WPRO.IN,WIPR.NS,NSI-MAIN,India Standard Time,13:55:00,0.5032
WPRO.IN,WIPR.NS,NSI-MAIN,India Standard Time,14:00:00,0.5143
WPRO.IN,WIPR.NS,NSI-MAIN,India Standard Time,14:05:00,0.5267
WPRO.IN,WIPR.NS,NSI-MAIN,India Standard Time,14:10:00,0.539
WPRO.IN,WIPR.NS,NSI-MAIN,India Standard Time,14:15:00,0.5515
WPRO.IN,WIPR.NS,NSI-MAIN,India Standard Time,14:20:00,0.5656
WPRO.IN,WIPR.NS,NSI-MAIN,India Standard Time,14:25:00,0.5787
WPRO.IN,WIPR.NS,NSI-MAIN,India Standard Time,14:30:00,0.5929
WPRO.IN,WIPR.NS,NSI-MAIN,India Standard Time,14:35:00,0.6094
WPRO.IN,WIPR.NS,NSI-MAIN,India Standard Time,14:40:00,0.627
WPRO.IN,WIPR.NS,NSI-MAIN,India Standard Time,14:45:00,0.6433
WPRO.IN,WIPR.NS,NSI-MAIN,India Standard Time,14:50:00,0.6605
WPRO.IN,WIPR.NS,NSI-MAIN,India Standard Time,14:55:00,0.6803
WPRO.IN,WIPR.NS,NSI-MAIN,India Standard Time,15:00:00,0.7021
WPRO.IN,WIPR.NS,NSI-MAIN,India Standard Time,15:05:00,0.7222
WPRO.IN,WIPR.NS,NSI-MAIN,India Standard Time,15:10:00,0.7457
WPRO.IN,WIPR.NS,NSI-MAIN,India Standard Time,15:15:00,0.7699
WPRO.IN,WIPR.NS,NSI-MAIN,India Standard Time,15:20:00,0.7946
WPRO.IN,WIPR.NS,NSI-MAIN,India Standard Time,15:25:00,0.8215
WPRO.IN,WIPR.NS,NSI-MAIN,India Standard Time,15:30:00,1
